databaseID	name	type	traits	faction	abilityText	shardCost	barrier	scrapCost	quantity	landscape	set	setType	imageUrl	cardBack	gameImageUrl	presence	actionLimit
Hubworld: Aidalon	Hubworld: Aidalon														https://cf.geekdo-images.com/GSF1XABi4QyCvTXPZDgzjw__imagepage/img/x5b3FWRWXPLifWXoHcDaVkp73JI=/fit-in/900x600/filters:no_upscale():strip_icc()/pic8454145.jpg		
A12DFAFA-84B5-4965-A8A7-35E2A3000001	Chairman Bo Pax	Seeker	Visionary		(Action) If you have more cards in your front row than your rival, exhaust this card: They gain 1 Heat.				2	no	Default Set	Set Type Default	https://decksmith.app/media/pages/hubworldaidalon/cards/prime-collective/chairman-bo-pax/6186658dfc-1768746710/card.webp	https://ik.imagekit.io/smtilson/Games/HubworldAidalon/HubworldAidalonCardBack.jpg?updatedAt=1743241452121			
A12DFAFA-84B5-4965-A8A7-35E2A3000002	Captain Tal	Seeker	Enforcer		(Reaction) As you approach a Network, exhaust this card: Archive the top card of that Network.				2	no	Default Set	Set Type Default	https://decksmith.app/media/pages/hubworldaidalon/cards/prime-collective/captain-tal/164183057a-1769914796/card.webp	https://ik.imagekit.io/smtilson/Games/HubworldAidalon/HubworldAidalonCardBack.jpg?updatedAt=1743241452121			
A12DFAFA-84B5-4965-A8A7-35E2A3000003	Curator Eido	Seeker	Paragon	Omniworks	(Reaction) As you approach a Council, exhaust this card and choose a player: They draw 1 card.				2	no	Default Set	Set Type Default	https://decksmith.app/media/pages/hubworldaidalon/cards/prime-collective/curator-eido/69f0ce3ddf-1755296966/card.webp	https://ik.imagekit.io/smtilson/Games/HubworldAidalon/HubworldAidalonCardBack.jpg?updatedAt=1743241452121			
A12DFAFA-84B5-4965-A8A7-35E2A3000004	Goldie Xin	Seeker	Renegade	Omniworks	(Action) If you have fewer Heat in your pool than your rival, exhaust this card: Gain 2 Shard and draw a card.				2	no	Default Set	Set Type Default	https://decksmith.app/media/pages/hubworldaidalon/cards/prime-collective/goldie-xin/9599dd1e39-1770745709/card.webp	https://ik.imagekit.io/smtilson/Games/HubworldAidalon/HubworldAidalonCardBack.jpg?updatedAt=1743241452121			
A12DFAFA-84B5-4965-A8A7-35E2A3000005	Abnus Orzo	Seeker	Enforcer	Collective	(Reaction) After you complete a breach on a player’s Archives, exhaust this card and archive the top card of your Network: Archive a card at random from that player’s Council.				2	no	Default Set	Set Type Default	https://decksmith.app/media/pages/hubworldaidalon/cards/prime-collective/abnus-orzo/354aa3983d-1768746710/card.webp	https://ik.imagekit.io/smtilson/Games/HubworldAidalon/HubworldAidalonCardBack.jpg?updatedAt=1743241452121			
A12DFAFA-84B5-4965-A8A7-35E2A3000006	Vesheve	Seeker	Visionary	Collective	(Instant) Exhaust this card and archive an unforged card from your grid: Shuffle 1 card from your Archives into your Commons.				2	no	Default Set	Set Type Default	https://decksmith.app/media/pages/hubworldaidalon/cards/prime-collective/vesheve/aed5c13bf4-1755296966/card.webp	https://ik.imagekit.io/smtilson/Games/HubworldAidalon/HubworldAidalonCardBack.jpg?updatedAt=1743241452121			
A12DFAFA-84B5-4965-A8A7-35E2A3000007	Jayko & Ace	Seeker	Renegade	Remnants	(Reaction) As you approach a district, exhaust this card and gain 1 Heat: Gain 2 Shard and draw a card.				2	no	Default Set	Set Type Default	https://decksmith.app/media/pages/hubworldaidalon/cards/prime-collective/jayko-&-ace/a05b6fdf53-1768746710/card.webp	https://ik.imagekit.io/smtilson/Games/HubworldAidalon/HubworldAidalonCardBack.jpg?updatedAt=1743241452121			
A12DFAFA-84B5-4965-A8A7-35E2A3000008	Marwa	Seeker	Paragon	Remnants	(Reaction) After you pass a player’s forged card, if you have fewer Shard in your pool than they have, exhaust this card: Steal 1 Shard from their pool.				2	no	Default Set	Set Type Default	https://decksmith.app/media/pages/hubworldaidalon/cards/prime-collective/marwa/a84a24b729-1775242016/card.webp	https://ik.imagekit.io/smtilson/Games/HubworldAidalon/HubworldAidalonCardBack.jpg?updatedAt=1743241452121			
A12DFAFA-84B5-4965-A8A7-35E2A3000009	Frost	Agent	Enforcer		(Reaction) As you engage a card in a grid, exhaust this card: That card gets -2 Scrap Cost until the engagement ends. (“Engage” includes both confront and discover.)	2	3	2	2	no	Default Set	Set Type Default	https://decksmith.app/media/pages/hubworldaidalon/cards/prime-collective/frost/d28f06506f-1770745709/card.webp	https://ik.imagekit.io/smtilson/Games/HubworldAidalon/HubworldAidalonCardBack.jpg?updatedAt=1743241452121			
A12DFAFA-84B5-4965-A8A7-35E2A3000010	Gargala Larga	Agent	Enforcer		(Instant) Exhaust this card: Unexhaust your seeker.	3	4	1	2	no	Default Set	Set Type Default	https://decksmith.app/media/pages/hubworldaidalon/cards/prime-collective/gargala-larga/5ec13fe367-1768746710/card.webp	https://ik.imagekit.io/smtilson/Games/HubworldAidalon/HubworldAidalonCardBack.jpg?updatedAt=1743241452121			
A12DFAFA-84B5-4965-A8A7-35E2A3000011	Prime Treasurer Geel	Agent	Paragon		"While this card is forged: Each other agent and obstacle in your grid gets +1 Barrier.
(Discover) If this card is in your grid: Gain 4 Shard."	3	4	2	2	no	Default Set	Set Type Default	https://decksmith.app/media/pages/hubworldaidalon/cards/prime-collective/prime-treasurer-geel/301da812fa-1746720029/card.webp	https://ik.imagekit.io/smtilson/Games/HubworldAidalon/HubworldAidalonCardBack.jpg?updatedAt=1743241452121			
A12DFAFA-84B5-4965-A8A7-35E2A3000012	Renovator Warlan	Agent	Enforcer		(Reaction) After a card is archived or exiled from a grid, exhaust this card and choose a player: That player exhausts a card in the front row of their grid.	3	4	2	2	no	Default Set	Set Type Default	https://decksmith.app/media/pages/hubworldaidalon/cards/prime-collective/renovator-warlan/3b6aedd1b1-1746720029/card.webp	https://ik.imagekit.io/smtilson/Games/HubworldAidalon/HubworldAidalonCardBack.jpg?updatedAt=1743241452121			
A12DFAFA-84B5-4965-A8A7-35E2A3000013	Ulin Marr	Agent	Visionary		(Action) Exhaust this card: Stage 2 cards (you can stage agents, obstacles, and sources).	2	4	1	2	no	Default Set	Set Type Default	https://decksmith.app/media/pages/hubworldaidalon/cards/prime-collective/ulin-marr/33e58270cb-1770745709/card.webp	https://ik.imagekit.io/smtilson/Games/HubworldAidalon/HubworldAidalonCardBack.jpg?updatedAt=1743241452121			
A12DFAFA-84B5-4965-A8A7-35E2A3000014	Auntie Ruth	Agent	Paragon	Omniworks	(Reaction) Exhaust this card and choose a player: They draw 2 cards.	3	3	2	2	no	Default Set	Set Type Default	https://decksmith.app/media/pages/hubworldaidalon/cards/prime-collective/auntie-ruth/a34e2295e3-1772825490/card.webp	https://ik.imagekit.io/smtilson/Games/HubworldAidalon/HubworldAidalonCardBack.jpg?updatedAt=1743241452121			
A12DFAFA-84B5-4965-A8A7-35E2A3000015	Big Varna Gorvis	Agent	Paragon	Omniworks	"(Action) If you have more cards in your Council than your rival, exhaust this card: Gain 3 Shard.
(Discover) If you have more cards in your Council than engaging player: Archive a random card from their Council and archive the top card of their Network."	2	3	2	2	no	Default Set	Set Type Default	https://decksmith.app/media/pages/hubworldaidalon/cards/prime-collective/big-varna-gorvis/109b4403e7-1772825490/card.webp	https://ik.imagekit.io/smtilson/Games/HubworldAidalon/HubworldAidalonCardBack.jpg?updatedAt=1743241452121			
A12DFAFA-84B5-4965-A8A7-35E2A3000016	Boss Bresloo	Agent	Enforcer	Omniworks	"(Reaction) After this card is forged, choose a player: Unforge a card with 3 shard cost or less in that player’s grid.
(Discover) If this card is in your grid: Unforge a card in engaging player’s grid, then exhaust it."	4	2	3	2	no	Default Set	Set Type Default	https://decksmith.app/media/pages/hubworldaidalon/cards/prime-collective/boss-bresloo/a83d52c4a5-1770745709/card.webp	https://ik.imagekit.io/smtilson/Games/HubworldAidalon/HubworldAidalonCardBack.jpg?updatedAt=1743241452121			
A12DFAFA-84B5-4965-A8A7-35E2A3000017	Guildmaster Yanos	Agent	Paragon	Omniworks	While this card is forged: Each other card in your grid gets -1 shard cost (forged or unforged).	3	4	1	2	no	Default Set	Set Type Default	https://decksmith.app/media/pages/hubworldaidalon/cards/prime-collective/guildmaster-yanos/88256fa145-1770745709/card.webp	https://ik.imagekit.io/smtilson/Games/HubworldAidalon/HubworldAidalonCardBack.jpg?updatedAt=1743241452121			
A12DFAFA-84B5-4965-A8A7-35E2A3000018	Recruiter Nilero	Agent	Visionary	Omniworks	"(Reaction) As you begin discovering cards from a Council, exhaust this card: Discover +2 cards.
(Discover) Choose a player: They draw 2 cards."	3	4	2	2	no	Default Set	Set Type Default	https://decksmith.app/media/pages/hubworldaidalon/cards/prime-collective/recruiter-nilero/c96b59059f-1770745709/card.webp	https://ik.imagekit.io/smtilson/Games/HubworldAidalon/HubworldAidalonCardBack.jpg?updatedAt=1743241452121			
A12DFAFA-84B5-4965-A8A7-35E2A3000019	Rory & Bug	Agent	Renegade	Omniworks	(Instant) Exhaust this card and archive a card from your Council: Shift this card.	1	3	2	2	no	Default Set	Set Type Default	https://decksmith.app/media/pages/hubworldaidalon/cards/prime-collective/rory-&-bug/06f4cd300a-1770745709/card.webp	https://ik.imagekit.io/smtilson/Games/HubworldAidalon/HubworldAidalonCardBack.jpg?updatedAt=1743241452121			
A12DFAFA-84B5-4965-A8A7-35E2A3000020	Coroner Goodman	Agent	Enforcer	Collective	(Reaction) As a player engages one of your agents, obstacles, or sources, exhaust this card and exile 1 card from your Archives: The engaged card gets +3 Presence until the engagement ends.	1	3	2	2	no	Default Set	Set Type Default	https://decksmith.app/media/pages/hubworldaidalon/cards/prime-collective/coroner-goodman/c1d799928e-1746720029/card.webp	https://ik.imagekit.io/smtilson/Games/HubworldAidalon/HubworldAidalonCardBack.jpg?updatedAt=1743241452121			
A12DFAFA-84B5-4965-A8A7-35E2A3000021	Counselor Vreenax	Agent	Paragon	Collective	While this card is forged: Each card in your rival’s grid gets +1 shard cost.	4	4	1	2	no	Default Set	Set Type Default	https://decksmith.app/media/pages/hubworldaidalon/cards/prime-collective/counselor-vreenax/eebda15b4a-1746720029/card.webp	https://ik.imagekit.io/smtilson/Games/HubworldAidalon/HubworldAidalonCardBack.jpg?updatedAt=1743241452121			
A12DFAFA-84B5-4965-A8A7-35E2A3000022	Doctor Twilight	Agent	Visionary	Collective	(Instant) Exhaust this card and scrap a card from your Archives: Gain 3 Shard.	3	3	3	2	no	Default Set	Set Type Default	https://decksmith.app/media/pages/hubworldaidalon/cards/prime-collective/doctor-twilight/38147dd488-1768746710/card.webp	https://ik.imagekit.io/smtilson/Games/HubworldAidalon/HubworldAidalonCardBack.jpg?updatedAt=1743241452121			
A12DFAFA-84B5-4965-A8A7-35E2A3000023	Nosmara	Agent	Enforcer	Collective	"(Instant) During another player’s delve, exhast this card: Redirect their delve to approach a grid slot adjacent to their current position.
(Discover): Look at the top 2 cards of engaing player’s Commons."	3	3	2	2	no	Default Set	Set Type Default	https://decksmith.app/media/pages/hubworldaidalon/cards/prime-collective/nosmara/3138f187a0-1750983252/card.webp	https://ik.imagekit.io/smtilson/Games/HubworldAidalon/HubworldAidalonCardBack.jpg?updatedAt=1743241452121			
A12DFAFA-84B5-4965-A8A7-35E2A3000024	Sergeant Cole	Agent	Renegade	Collective	(Reaction) After you complete a breach on a player’s Archives, exhaust this card: Archive the bottom 2 cards of their Network.	2	3	2	2	no	Default Set	Set Type Default	https://decksmith.app/media/pages/hubworldaidalon/cards/prime-collective/sergeant-cole/8a38094fe4-1770745709/card.webp	https://ik.imagekit.io/smtilson/Games/HubworldAidalon/HubworldAidalonCardBack.jpg?updatedAt=1743241452121			
A12DFAFA-84B5-4965-A8A7-35E2A3000025	Vulu-Malu	Agent	Visionary	Collective	"(Reaction) After you resolve a Discover ability, exhaust this card: Resolve that ability again.
(Discover) If this card is in your grid: Search your Commons for a card, show it to another player, and add it to your Council. (Shuffle.)"	3	3	3	2	no	Default Set	Set Type Default	https://decksmith.app/media/pages/hubworldaidalon/cards/prime-collective/vulu-malu/b6d331e2d4-1750983252/card.webp	https://ik.imagekit.io/smtilson/Games/HubworldAidalon/HubworldAidalonCardBack.jpg?updatedAt=1743241452121			
A12DFAFA-84B5-4965-A8A7-35E2A3000026	Baz Illisk	Agent	Enforcer	Remnants	"While this card is forged: Each other card in your grid gets +1 Scrap Cost (forged or unforged).
(Discover) If this card is in your grid: Add a card in engaging player’s grid to their Council."	2	2	3	2	no	Default Set	Set Type Default	https://decksmith.app/media/pages/hubworldaidalon/cards/prime-collective/baz-illisk/c8f9ed6098-1772825490/card.webp	https://ik.imagekit.io/smtilson/Games/HubworldAidalon/HubworldAidalonCardBack.jpg?updatedAt=1743241452121			
A12DFAFA-84B5-4965-A8A7-35E2A3000027	Dralber the Fence	Agent	Paragon	Remnants	"(Reaction) After you play a moment, exhaust this card: Gain 2 Shard.
(Discover): Shuffle a moment from your Scrap into your Network (of your choice)."	3	3	3	2	no	Default Set	Set Type Default	https://decksmith.app/media/pages/hubworldaidalon/cards/prime-collective/dralber-the-fence/4a5606a7d0-1772825490/card.webp	https://ik.imagekit.io/smtilson/Games/HubworldAidalon/HubworldAidalonCardBack.jpg?updatedAt=1743241452121			
A12DFAFA-84B5-4965-A8A7-35E2A3000028	Kryzar the Rat	Agent	Enforcer	Remnants	"Rush 5. (As an instant, pay 5 Shard to stage this card from your Council forged.)
(Instant) During your delve, exhaust this card and archive a card from your Council: Redirect your delve to approach a grid slot or district adjacent to your current position."	5	2	4	2	no	Default Set	Set Type Default	https://decksmith.app/media/pages/hubworldaidalon/cards/prime-collective/kryzar-the-rat/8826f88d7e-1772825490/card.webp	https://ik.imagekit.io/smtilson/Games/HubworldAidalon/HubworldAidalonCardBack.jpg?updatedAt=1743241452121			
A12DFAFA-84B5-4965-A8A7-35E2A3000029	Linza Ree	Agent	Renegade	Remnants	"(Reaction) After you complete a breach on a player’s district, exhaust this card: Steal 1 Shard from their pool.
(Discover): Steal 1 Shard from engaging player’s pool."	3	4	2	2	no	Default Set	Set Type Default	https://decksmith.app/media/pages/hubworldaidalon/cards/prime-collective/linza-ree/3e6c40b24e-1775242016/card.webp	https://ik.imagekit.io/smtilson/Games/HubworldAidalon/HubworldAidalonCardBack.jpg?updatedAt=1743241452121			
A12DFAFA-84B5-4965-A8A7-35E2A3000030	Maestro	Agent	Visionary	Remnants	(Reaction) As you approach a district, exhaust this card: Stage 1 card (you can stage agents, obstacles, and sources).	3	4	1	2	no	Default Set	Set Type Default	https://decksmith.app/media/pages/hubworldaidalon/cards/prime-collective/maestro/5405153967-1746720029/card.webp	https://ik.imagekit.io/smtilson/Games/HubworldAidalon/HubworldAidalonCardBack.jpg?updatedAt=1743241452121			
A12DFAFA-84B5-4965-A8A7-35E2A3000031	Vapor X	Agent	Renegade	Remnants	Exhaust this card and lose 1 Shard: Swap two other cards in your grid.	2	3	1	2	no	Default Set	Set Type Default	https://decksmith.app/media/pages/hubworldaidalon/cards/prime-collective/vapor-x/8aa4ec2504-1746720029/card.webp	https://ik.imagekit.io/smtilson/Games/HubworldAidalon/HubworldAidalonCardBack.jpg?updatedAt=1743241452121			
A12DFAFA-84B5-4965-A8A7-35E2A3000032	“Spider” Rebbek	Agent	Enforcer	Remnants	"While this card is forged: Each other card in your grid gets +1 Presence.
(Discover) If this card is in your grid: Exhaust a forged card in engaging player’s grid."	2	3	2	2	no	Default Set	Set Type Default	https://decksmith.app/media/pages/hubworldaidalon/cards/prime-collective/spider-rebbek/15b9b52ea0-1746720029/card.webp	https://ik.imagekit.io/smtilson/Games/HubworldAidalon/HubworldAidalonCardBack.jpg?updatedAt=1743241452121			
A12DFAFA-84B5-4965-A8A7-35E2A3000033	Priority Expressway	Obstacle	Location		"Cache 2. (As this is forged, place 2 Shard here).
(Confront) Remove 1 Shard from here: Gain 2 Shard."	0	0	4	2	no	Default Set	Set Type Default	https://decksmith.app/media/pages/hubworldaidalon/cards/prime-collective/priority-expressway/0a0ebbefeb-1750983252/card.webp	https://ik.imagekit.io/smtilson/Games/HubworldAidalon/HubworldAidalonCardBack.jpg?updatedAt=1743241452121			
A12DFAFA-84B5-4965-A8A7-35E2A3000034	Rent-a-Sentry	Obstacle	Being, Contraption		"Cache 2. (As this is forged, place 2 Shard here.)
(Confront) Remove 1 Shard from here: This card gets +2 Barrier until the confrontation ends."	0	0	3	2	no	Default Set	Set Type Default	https://decksmith.app/media/pages/hubworldaidalon/cards/prime-collective/rent-a-sentry/a0d1e44877-1755296966/card.webp	https://ik.imagekit.io/smtilson/Games/HubworldAidalon/HubworldAidalonCardBack.jpg?updatedAt=1743241452121			
A12DFAFA-84B5-4965-A8A7-35E2A3000035	Transit Station	Obstacle	Location		"While this card is in your front row: It gets +4 Presence.
While this card is in your middle row: It gets +2 Barrier."	1	1	1	2	no	Default Set	Set Type Default	https://decksmith.app/media/pages/hubworldaidalon/cards/prime-collective/transit-station/952df86936-1768746710/card.webp	https://ik.imagekit.io/smtilson/Games/HubworldAidalon/HubworldAidalonCardBack.jpg?updatedAt=1743241452121			
A12DFAFA-84B5-4965-A8A7-35E2A3000036	Ttakjaw Hive	Obstacle	Being, Location		"Cache 2. (As this is forged, place 2 Shard here.)
(Confront) Remove 1 Shard from here: Archive the top card of engaging player’s Network."	2	2	4	2	no	Default Set	Set Type Default	https://decksmith.app/media/pages/hubworldaidalon/cards/prime-collective/ttakjaw-hive/deba5d9a52-1770745709/card.webp	https://ik.imagekit.io/smtilson/Games/HubworldAidalon/HubworldAidalonCardBack.jpg?updatedAt=1743241452121			
A12DFAFA-84B5-4965-A8A7-35E2A3000037	Asset Protection Hub	Obstacle	Location		"Refund 1. (As this card’s Scrap Cost is paid, gain 1 Shard.)
While this card is forged: Each adjacent forged agent and obstacle gets +1 Barrier."	1	1	3	2	no	Default Set	Set Type Default	https://decksmith.app/media/pages/hubworldaidalon/cards/prime-collective/asset-protection-hub/134de5d0ca-1770745709/card.webp	https://ik.imagekit.io/smtilson/Games/HubworldAidalon/HubworldAidalonCardBack.jpg?updatedAt=1743241452121			
A12DFAFA-84B5-4965-A8A7-35E2A3000038	Pushy Salesperson	Obstacle	Persona		"(Confront): Engaging player may exhaust a card in their Commons path. If they do not, end the delve.
(Discover) If this card is in your grid: Forge this card for -4 shard cost, then redirect engaging player to approach this card’s grid slot."	4	2	5	2	no	Default Set	Set Type Default	https://decksmith.app/media/pages/hubworldaidalon/cards/prime-collective/pushy-salesperson/48c0ee0698-1750983252/card.webp	https://ik.imagekit.io/smtilson/Games/HubworldAidalon/HubworldAidalonCardBack.jpg?updatedAt=1743241452121			
A12DFAFA-84B5-4965-A8A7-35E2A3000039	Rookery Muscle	Obstacle	Persona		(Reaction) As a confrontation with this card ends, if engaging player did not pay this card’s Barrier during the confrontation: Archive the top 2 cards of their Network.	3	3	4	2	no	Default Set	Set Type Default	https://decksmith.app/media/pages/hubworldaidalon/cards/prime-collective/rookery-muscle/088f361f71-1770745709/card.webp	https://ik.imagekit.io/smtilson/Games/HubworldAidalon/HubworldAidalonCardBack.jpg?updatedAt=1743241452121			
A12DFAFA-84B5-4965-A8A7-35E2A3000040	Flustering Muckraker	Obstacle	Persona		"(Confront): Engaging player may exhaust a forged source in their grid. If they do not, they gain 1 Heat.
(Discover): Exhaust a forged source in engaging player’s grid."	4	2	4	2	no	Default Set	Set Type Default	https://decksmith.app/media/pages/hubworldaidalon/cards/prime-collective/flustering-muckraker/4f4ba8b1de-1755296966/card.webp	https://ik.imagekit.io/smtilson/Games/HubworldAidalon/HubworldAidalonCardBack.jpg?updatedAt=1743241452121			
A12DFAFA-84B5-4965-A8A7-35E2A3000041	Probabilities Exchange	Obstacle	Location		(Confront): Engaging player shuffles 1 card from their grid into their Commons.	3	1	4	2	no	Default Set	Set Type Default	https://decksmith.app/media/pages/hubworldaidalon/cards/prime-collective/probabilities-exchange/fbdd22ecd9-1746720029/card.webp	https://ik.imagekit.io/smtilson/Games/HubworldAidalon/HubworldAidalonCardBack.jpg?updatedAt=1743241452121			
A12DFAFA-84B5-4965-A8A7-35E2A3000042	Flooding Thoroughfare	Obstacle	Location	Omniworks	(Reaction) After this card is forged during a delve: This card gets +2 Barrier until the delve ends.	1	1	3	2	no	Default Set	Set Type Default	https://decksmith.app/media/pages/hubworldaidalon/cards/prime-collective/flooding-thoroughfare/2e6b58e9fa-1768746710/card.webp	https://ik.imagekit.io/smtilson/Games/HubworldAidalon/HubworldAidalonCardBack.jpg?updatedAt=1743241452121			
A12DFAFA-84B5-4965-A8A7-35E2A3000043	Prized Gulk	Obstacle	Being	Omniworks	"(Confront): Gain 1 Shard.
(Discover): Gain 1 Shard."	2	1	5	2	no	Default Set	Set Type Default	https://decksmith.app/media/pages/hubworldaidalon/cards/prime-collective/prized-gulk/e25b4c012e-1750983252/card.webp	https://ik.imagekit.io/smtilson/Games/HubworldAidalon/HubworldAidalonCardBack.jpg?updatedAt=1743241452121			
A12DFAFA-84B5-4965-A8A7-35E2A3000044	Waterway Ferry	Obstacle	Contraption	Omniworks	(Reaction) After this card is forged: Shift it.	1	1	3	2	no	Default Set	Set Type Default	https://decksmith.app/media/pages/hubworldaidalon/cards/prime-collective/waterway-ferry/146d7a05d5-1772306996/card.webp	https://ik.imagekit.io/smtilson/Games/HubworldAidalon/HubworldAidalonCardBack.jpg?updatedAt=1743241452121			
A12DFAFA-84B5-4965-A8A7-35E2A3000045	Babbling Loomkeeper	Obstacle	Contraption, Persona	Omniworks	"(Confront): Engaging player may archive 2 random cards from their Council. If they do not, they draw 4 cards.
(Discover) If this card is in your grid, choose a player: They draw 4 cards."	4	1	4	2	no	Default Set	Set Type Default	https://decksmith.app/media/pages/hubworldaidalon/cards/prime-collective/babbling-loomkeeper/df9b9375df-1768746710/card.webp	https://ik.imagekit.io/smtilson/Games/HubworldAidalon/HubworldAidalonCardBack.jpg?updatedAt=1743241452121			
A12DFAFA-84B5-4965-A8A7-35E2A3000046	Canal Network	Obstacle	Location	Omniworks	"(Confront) Choose a player: Shift an unforged card in their grid.
(Discover) If this card is in your grid, choose a player: Shift a card in their grid (forged or unforged)."	3	2	5	2	no	Default Set	Set Type Default	https://decksmith.app/media/pages/hubworldaidalon/cards/prime-collective/canal-network/347f6b777c-1770745709/card.webp	https://ik.imagekit.io/smtilson/Games/HubworldAidalon/HubworldAidalonCardBack.jpg?updatedAt=1743241452121			
A12DFAFA-84B5-4965-A8A7-35E2A3000047	Salvage Rats	Obstacle	Persona	Omniworks	"Rush 4. (As an instant, pay 4 Shard to stage this card from your Council forged.)
(Confront) If this card is adjacent to at least 1 unforged card: Gain 2 Shard."	4	2	4	2	no	Default Set	Set Type Default	https://decksmith.app/media/pages/hubworldaidalon/cards/prime-collective/salvage-rats/da64cda314-1772825490/card.webp	https://ik.imagekit.io/smtilson/Games/HubworldAidalon/HubworldAidalonCardBack.jpg?updatedAt=1743241452121			
A12DFAFA-84B5-4965-A8A7-35E2A3000048	Canalevator	Obstacle	Location	Omniworks	(Confront): Engaging player may lose Action. If they do not, gain Action.	4	2	4	2	no	Default Set	Set Type Default	https://decksmith.app/media/pages/hubworldaidalon/cards/prime-collective/canalevator/2c4baa0b5e-1755296966/card.webp	https://ik.imagekit.io/smtilson/Games/HubworldAidalon/HubworldAidalonCardBack.jpg?updatedAt=1743241452121			
A12DFAFA-84B5-4965-A8A7-35E2A3000049	Emperor Drejj	Obstacle	Being	Omniworks	"(Reaction) After you forge a card: Shift this card.
(Discover) Archive a card from your Council: Shift a forged card in engaging player’s grid."	5	2	6	2	no	Default Set	Set Type Default	https://decksmith.app/media/pages/hubworldaidalon/cards/prime-collective/emperor-drejj/df71108de0-1772306996/card.webp	https://ik.imagekit.io/smtilson/Games/HubworldAidalon/HubworldAidalonCardBack.jpg?updatedAt=1743241452121			
A12DFAFA-84B5-4965-A8A7-35E2A3000050	Barbican Gate	Obstacle	Location	Collective	"(Confront): Engaged player may exhaust a forged card in their grid. If they do not, gain 2 Shard.
(Discover): Gain 1 Shard."	1	1	4	2	no	Default Set	Set Type Default	https://decksmith.app/media/pages/hubworldaidalon/cards/prime-collective/barbican-gate/3b084b787e-1746720029/card.webp	https://ik.imagekit.io/smtilson/Games/HubworldAidalon/HubworldAidalonCardBack.jpg?updatedAt=1743241452121			
A12DFAFA-84B5-4965-A8A7-35E2A3000051	Silent Interrogator	Obstacle	Contraption	Collective	(Discover): Archive the bottom 2 cards of engaging player’s Network (bottom 4 cards instead if this card is in your grid).	0	0	2	2	no	Default Set	Set Type Default	https://decksmith.app/media/pages/hubworldaidalon/cards/prime-collective/silent-interrogator/417f912246-1770745709/card.webp	https://ik.imagekit.io/smtilson/Games/HubworldAidalon/HubworldAidalonCardBack.jpg?updatedAt=1743241452121			
A12DFAFA-84B5-4965-A8A7-35E2A3000052	Echofield Lockup	Obstacle	Location	Collective	"While you have 3 or more cards in your Archives: This card gets +3 Presence.
(Discover) If you have 3 or more cards in your Archives: Gain 3 Shard."	1	2	2	2	no	Default Set	Set Type Default	https://decksmith.app/media/pages/hubworldaidalon/cards/prime-collective/echofield-lockup/066e45e4db-1750983252/card.webp	https://ik.imagekit.io/smtilson/Games/HubworldAidalon/HubworldAidalonCardBack.jpg?updatedAt=1743241452121			
A12DFAFA-84B5-4965-A8A7-35E2A3000053	Detour Field	Obstacle	Contraption, Location	Collective	"Refund 1. (As this card’s Presence is broken, gain 1 Shard.)
(Confront) Archive the top card of your Commons: This card gets +3 Barrier until the confrontation ends."	2	0	4	2	no	Default Set	Set Type Default	https://decksmith.app/media/pages/hubworldaidalon/cards/prime-collective/detour-field/c6d538555b-1755296966/card.webp	https://ik.imagekit.io/smtilson/Games/HubworldAidalon/HubworldAidalonCardBack.jpg?updatedAt=1743241452121			
A12DFAFA-84B5-4965-A8A7-35E2A3000054	Eye Enforcers	Obstacle	Persona	Collective	"(Confront) Lose 1 Shard: Archive a card at random from engaging player’s Council.
(Discover) If this card is in your grid, archive it: Archive 2 cards at random from engaging player’s Council."	4	3	5	2	no	Default Set	Set Type Default	https://decksmith.app/media/pages/hubworldaidalon/cards/prime-collective/eye-enforcers/0e16e89216-1768746710/card.webp	https://ik.imagekit.io/smtilson/Games/HubworldAidalon/HubworldAidalonCardBack.jpg?updatedAt=1743241452121			
A12DFAFA-84B5-4965-A8A7-35E2A3000055	Tele-Bridge Expo	Obstacle	Location	Collective	"Refund 1. (As this card’s Presence is broken, gain 1 Shard.)
(Reaction) After a player completes an encounter with this card during a delve, exhaust this card: Redirect engaging player to approach an adjacent grid slot."	1	2	3	2	no	Default Set	Set Type Default	https://decksmith.app/media/pages/hubworldaidalon/cards/prime-collective/tele-bridge-expo/73d8171647-1755296966/card.webp	https://ik.imagekit.io/smtilson/Games/HubworldAidalon/HubworldAidalonCardBack.jpg?updatedAt=1743241452121			
A12DFAFA-84B5-4965-A8A7-35E2A3000056	Yowling Tezu	Obstacle	Being	Remnants	"(Confront) Gain 1 Heat: Engaging player gains 1 Heat.
(Discover) If this card is in your grid, archive it: Engaging player gains 2 Heat."	1	1	3	2	no	Default Set	Set Type Default	https://decksmith.app/media/pages/hubworldaidalon/cards/prime-collective/yowling-tezu/27525b9c3b-1746720029/card.webp	https://ik.imagekit.io/smtilson/Games/HubworldAidalon/HubworldAidalonCardBack.jpg?updatedAt=1743241452121			
A12DFAFA-84B5-4965-A8A7-35E2A3000057	Big Rok Bouncer	Obstacle	Persona	Remnants	(Confront): Engaging player exhausts forged cards worth 4 Scrap Cost or more in their grid. If they do not, end the delve.	2	0	4	2	no	Default Set	Set Type Default	https://decksmith.app/media/pages/hubworldaidalon/cards/prime-collective/big-rok-bouncer/b03853e47b-1772825490/card.webp	https://ik.imagekit.io/smtilson/Games/HubworldAidalon/HubworldAidalonCardBack.jpg?updatedAt=1743241452121			
A12DFAFA-84B5-4965-A8A7-35E2A3000058	Hired Lookout	Obstacle	Persona	Remnants	"Refund 1. (As this card’s Presence is broken, gain 1 Shard).
(Confront): Engaging player may exhaust a card in their back row. If they do not, end the delve."	1	0	4	2	no	Default Set	Set Type Default	https://decksmith.app/media/pages/hubworldaidalon/cards/prime-collective/hired-lookout/dcfbc552ca-1750983252/card.webp	https://ik.imagekit.io/smtilson/Games/HubworldAidalon/HubworldAidalonCardBack.jpg?updatedAt=1743241452121			
A12DFAFA-84B5-4965-A8A7-35E2A3000059	Narrow Catwalk	Obstacle	Location	Remnants	"(Confront): Look at the top card of engaing playe’s Commons. If that card is a moment, archive it.
(Discover): Look at the top card of engaing playe’s Commons. If that card is a moment, archive it."	2	2	3	2	no	Default Set	Set Type Default	https://decksmith.app/media/pages/hubworldaidalon/cards/prime-collective/narrow-catwalk/0d2d84b268-1750983252/card.webp	https://ik.imagekit.io/smtilson/Games/HubworldAidalon/HubworldAidalonCardBack.jpg?updatedAt=1743241452121			
A12DFAFA-84B5-4965-A8A7-35E2A3000060	Orobo Pickpocket	Obstacle	Persona	Remnants	(Discover): Steal 1 Shard from engaging player’s pool.	0	0	2	2	no	Default Set	Set Type Default	https://decksmith.app/media/pages/hubworldaidalon/cards/prime-collective/orobo-pickpocket/8dfc1b352f-1755296966/card.webp	https://ik.imagekit.io/smtilson/Games/HubworldAidalon/HubworldAidalonCardBack.jpg?updatedAt=1743241452121			
A12DFAFA-84B5-4965-A8A7-35E2A3000061	Wary Locals	Obstacle	Persona	Remnants	"(Confront) If you have fewer cards in your Council than engaging player: Engaging player gains 1 Heat.
(Discover) If you have fewer cards in your Council than engaging player: Engaging player gains 1 Heat."	2	1	3	2	no	Default Set	Set Type Default	https://decksmith.app/media/pages/hubworldaidalon/cards/prime-collective/wary-locals/2511527d68-1755296966/card.webp	https://ik.imagekit.io/smtilson/Games/HubworldAidalon/HubworldAidalonCardBack.jpg?updatedAt=1743241452121			
A12DFAFA-84B5-4965-A8A7-35E2A3000062	Silkline Skycab	Obstacle	Contraption	Remnants	"(Confront): Swap 2 other cards in your grid.
(Discover) If this card is in your grid: Swap 2 cards in engaging player’s grid."	2	1	4	2	no	Default Set	Set Type Default	https://decksmith.app/media/pages/hubworldaidalon/cards/prime-collective/silkline-skycab/665e6d2c51-1768746710/card.webp	https://ik.imagekit.io/smtilson/Games/HubworldAidalon/HubworldAidalonCardBack.jpg?updatedAt=1743241452121			
A12DFAFA-84B5-4965-A8A7-35E2A3000063	Street Parade	Obstacle	Location	Remnants	Rush 4. (As an instant, pay 4 Shard to stage this card from your Council forged.)	4	3	5	2	no	Default Set	Set Type Default	https://decksmith.app/media/pages/hubworldaidalon/cards/prime-collective/street-parade/1caa0179dd-1772825490/card.webp	https://ik.imagekit.io/smtilson/Games/HubworldAidalon/HubworldAidalonCardBack.jpg?updatedAt=1743241452121			
A12DFAFA-84B5-4965-A8A7-35E2A3000064	Orobo Plaza	Obstacle	Location	Remnants	"(Confront) If you have 2 Heat or more in your pool: Steal 1 Shard from engaging player’s pool.
(Discover): Resolve this card’s printed Confront ability."	1	1	3	2	no	Default Set	Set Type Default	https://decksmith.app/media/pages/hubworldaidalon/cards/prime-collective/orobo-plaza/26925975bd-1775242016/card.webp	https://ik.imagekit.io/smtilson/Games/HubworldAidalon/HubworldAidalonCardBack.jpg?updatedAt=1743241452121			
A12DFAFA-84B5-4965-A8A7-35E2A3000065	Shardwinner	Source	Persona		"While this card is in your Council path: It gets +Shard collection icon.
While this card is in your Network path: It gets +3 Scrap Cost."	3		3	2	no	Default Set	Set Type Default	https://decksmith.app/media/pages/hubworldaidalon/cards/prime-collective/shardwinner/54e9656fcb-1770745709/card.webp	https://ik.imagekit.io/smtilson/Games/HubworldAidalon/HubworldAidalonCardBack.jpg?updatedAt=1743241452121			
A12DFAFA-84B5-4965-A8A7-35E2A3000066	Bubblemap Kiosk	Source	Contraption		"Refund 1. (As this card’s Scrap Cost is paid, gain 1 Shard.)
(Reaction) As you begin discovering cards from a Network, exhaust this card: Discover from the bottom of that Network (starting with the bottom card and moving upward)."	2		3	2	no	Default Set	Set Type Default	https://decksmith.app/media/pages/hubworldaidalon/cards/prime-collective/bubblemap-kiosk/61a01c2beb-1770745709/card.webp	https://ik.imagekit.io/smtilson/Games/HubworldAidalon/HubworldAidalonCardBack.jpg?updatedAt=1743241452121			
A12DFAFA-84B5-4965-A8A7-35E2A3000067	Crispy Crawler	Source	Location		"Cache 2. (As this is forged, place 2 Shard here.)
(Reaction) As the round begins, remove 1 Shard from here: Gain 1 Shard."	1		2	2	no	Default Set	Set Type Default	https://decksmith.app/media/pages/hubworldaidalon/cards/prime-collective/crispy-crawler/3fafebfef8-1746720029/card.webp	https://ik.imagekit.io/smtilson/Games/HubworldAidalon/HubworldAidalonCardBack.jpg?updatedAt=1743241452121			
A12DFAFA-84B5-4965-A8A7-35E2A3000068	Disagreeable Inspector	Source	Persona		"Refund 1. (As this card’s Scrap Cost is paid, gain 1 Shard.)
(Reaction) As you confront a card, exhaust this card: That card gets -2 Barrier until the confrontation ends."	1		2	2	no	Default Set	Set Type Default	https://decksmith.app/media/pages/hubworldaidalon/cards/prime-collective/disagreeable-inspector/c91f4a94dd-1770745709/card.webp	https://ik.imagekit.io/smtilson/Games/HubworldAidalon/HubworldAidalonCardBack.jpg?updatedAt=1743241452121			
A12DFAFA-84B5-4965-A8A7-35E2A3000069	Creative Accountant	Source	Persona		"Refund 1. (As this card’s Scrap Cost is paid, gain 1 Shard.)
(Reaction) After a card leaves your grid, exhaust this card: Gain 2 Shard."	1		4	2	no	Default Set	Set Type Default	https://decksmith.app/media/pages/hubworldaidalon/cards/prime-collective/creative-accountant/0ab51b7b8f-1770745709/card.webp	https://ik.imagekit.io/smtilson/Games/HubworldAidalon/HubworldAidalonCardBack.jpg?updatedAt=1743241452121			
A12DFAFA-84B5-4965-A8A7-35E2A3000070	Ttakjaw Scavenger	Source	Being		"Cache 2. (As this is forged, place 2 Shard here.)
(Reaction) As you approach a player’s district, exhaust this card and remove 1 Shard from here: Archive the top card of their Network."	1		3	2	no	Default Set	Set Type Default	https://decksmith.app/media/pages/hubworldaidalon/cards/prime-collective/ttakjaw-scavenger/13a597fb52-1769914796/card.webp	https://ik.imagekit.io/smtilson/Games/HubworldAidalon/HubworldAidalonCardBack.jpg?updatedAt=1743241452121			
A12DFAFA-84B5-4965-A8A7-35E2A3000071	3Z News Crew	Source	Persona		(Reaction) As you approach a player’s Commons, exhaust this card: They gain 1 Heat.	4		4	2	no	Default Set	Set Type Default	https://decksmith.app/media/pages/hubworldaidalon/cards/prime-collective/3z-news-crew/4f6ae48846-1755296966/card.webp	https://ik.imagekit.io/smtilson/Games/HubworldAidalon/HubworldAidalonCardBack.jpg?updatedAt=1743241452121			
A12DFAFA-84B5-4965-A8A7-35E2A3000072	Pax Observatory	Source	Location		(Reaction) As you refill Action during the refresh phase: Increase the number you refill to by 1.	6		6	2	no	Default Set	Set Type Default	https://decksmith.app/media/pages/hubworldaidalon/cards/prime-collective/pax-observatory/0d09575ef5-1746720029/card.webp	https://ik.imagekit.io/smtilson/Games/HubworldAidalon/HubworldAidalonCardBack.jpg?updatedAt=1743241452121			
A12DFAFA-84B5-4965-A8A7-35E2A3000073	Cargo Manifest	Source	Contraption	Omniworks	(Reaction) After this card is forged, choose a player: Look at the top card of their Network. You may add that card to the bottom of their Network.	2		3	2	no	Default Set	Set Type Default	https://decksmith.app/media/pages/hubworldaidalon/cards/prime-collective/cargo-manifest/70a202d39f-1770745709/card.webp	https://ik.imagekit.io/smtilson/Games/HubworldAidalon/HubworldAidalonCardBack.jpg?updatedAt=1743241452121			
A12DFAFA-84B5-4965-A8A7-35E2A3000074	Hoarder’s Array	Source	Contraption	Omniworks	While this card is forged: Your seeker gets +1 council limit.	1		3	2	no	Default Set	Set Type Default	https://decksmith.app/media/pages/hubworldaidalon/cards/prime-collective/hoarders-array/32bd0d35f7-1750983252/card.webp	https://ik.imagekit.io/smtilson/Games/HubworldAidalon/HubworldAidalonCardBack.jpg?updatedAt=1743241452121			
A12DFAFA-84B5-4965-A8A7-35E2A3000075	Waterfront Soakhouse	Source	Location	Omniworks	While you have fewer Heat in your pool than your rival: This card gets +4 Presence.	1		2	2	no	Default Set	Set Type Default	https://decksmith.app/media/pages/hubworldaidalon/cards/prime-collective/waterfront-soakhouse/5d24afde4d-1746720029/card.webp	https://ik.imagekit.io/smtilson/Games/HubworldAidalon/HubworldAidalonCardBack.jpg?updatedAt=1743241452121			
A12DFAFA-84B5-4965-A8A7-35E2A3000076	Job Board	Source	Location	Omniworks	"Refund 1. (As this card’s Presence is broken, gain 1 Shard.)
While this card is forged: Each adjacent card gets -1 shard cost."	2		3	2	no	Default Set	Set Type Default	https://decksmith.app/media/pages/hubworldaidalon/cards/prime-collective/job-board/746d2e14b9-1746720029/card.webp	https://ik.imagekit.io/smtilson/Games/HubworldAidalon/HubworldAidalonCardBack.jpg?updatedAt=1743241452121			
A12DFAFA-84B5-4965-A8A7-35E2A3000077	Tele-Mail Cluster	Source	Contraption	Omniworks	(Reaction) After this card is forged: Stage a card (you can stage agents, obstacles, and sources).	2		4	2	no	Default Set	Set Type Default	https://decksmith.app/media/pages/hubworldaidalon/cards/prime-collective/tele-mail-cluster/40c079d4d0-1770745709/card.webp	https://ik.imagekit.io/smtilson/Games/HubworldAidalon/HubworldAidalonCardBack.jpg?updatedAt=1743241452121			
A12DFAFA-84B5-4965-A8A7-35E2A3000078	Lost Byway	Source	Location	Omniworks	(Reaction) After this card is forged: Lose 1 Heat.	3		4	2	no	Default Set	Set Type Default	https://decksmith.app/media/pages/hubworldaidalon/cards/prime-collective/lost-byway/0c3b1c56c9-1746720029/card.webp	https://ik.imagekit.io/smtilson/Games/HubworldAidalon/HubworldAidalonCardBack.jpg?updatedAt=1743241452121			
A12DFAFA-84B5-4965-A8A7-35E2A3000079	Mender Mycologists	Source	Persona	Omniworks	(Action) Exhaust this card and an unforged card in your grid: Gain 3 Shard.	0		4	2	no	Default Set	Set Type Default	https://decksmith.app/media/pages/hubworldaidalon/cards/prime-collective/mender-mycologists/13b164467d-1770745709/card.webp	https://ik.imagekit.io/smtilson/Games/HubworldAidalon/HubworldAidalonCardBack.jpg?updatedAt=1743241452121			
A12DFAFA-84B5-4965-A8A7-35E2A3000080	Sweeping Scavenger	Source	Contraption	Omniworks	(Reaction) After this card shifts: Unexhaust it.	2		2	2	no	Default Set	Set Type Default	https://decksmith.app/media/pages/hubworldaidalon/cards/prime-collective/sweeping-scavenger/7cbfeca1ef-1770745709/card.webp	https://ik.imagekit.io/smtilson/Games/HubworldAidalon/HubworldAidalonCardBack.jpg?updatedAt=1743241452121			
A12DFAFA-84B5-4965-A8A7-35E2A3000081	Wirecrawler	Source	Being	Omniworks	"Refund 1. (As this card’s Presence is broken, gain 1 Shard.)
(Instant) Exhaust this card: Shift it."	1		3	2	no	Default Set	Set Type Default	https://decksmith.app/media/pages/hubworldaidalon/cards/prime-collective/wirecrawler/517c10848a-1746720029/card.webp	https://ik.imagekit.io/smtilson/Games/HubworldAidalon/HubworldAidalonCardBack.jpg?updatedAt=1743241452121			
A12DFAFA-84B5-4965-A8A7-35E2A3000082	Tunnel Runners	Source	Being, Persona	Omniworks	(Instant) Exhaust this card: Shift it.	2		3	2	no	Default Set	Set Type Default	https://decksmith.app/media/pages/hubworldaidalon/cards/prime-collective/tunnel-runners/9cf60cb3d8-1772306996/card.webp	https://ik.imagekit.io/smtilson/Games/HubworldAidalon/HubworldAidalonCardBack.jpg?updatedAt=1743241452121			
A12DFAFA-84B5-4965-A8A7-35E2A3000083	Capricious Informant	Source	Persona	Collective	(Instant) Exhaust this card and look at the top 2 cards of your Network: Add 1 of those to your Council and archive the other.	3		4	2	no	Default Set	Set Type Default	https://decksmith.app/media/pages/hubworldaidalon/cards/prime-collective/capricious-informant/609dda8c26-1768746710/card.webp	https://ik.imagekit.io/smtilson/Games/HubworldAidalon/HubworldAidalonCardBack.jpg?updatedAt=1743241452121			
A12DFAFA-84B5-4965-A8A7-35E2A3000084	Cargo Inspector	Source	Persona	Collective	(Instant) Exhaust this card: Draw 2 cards. Archive 1 card from your Council.	1		5	2	no	Default Set	Set Type Default	https://decksmith.app/media/pages/hubworldaidalon/cards/prime-collective/cargo-inspector/24c6a06c2a-1746720029/card.webp	https://ik.imagekit.io/smtilson/Games/HubworldAidalon/HubworldAidalonCardBack.jpg?updatedAt=1743241452121			
A12DFAFA-84B5-4965-A8A7-35E2A3000085	Echofield Registry	Source	Contraption	Collective	(Reaction) After you complete a breach on a district, exhaust this card: Shuffle 1 card from your Archives into your Commons (of your choice). Draw 1 card.	2		3	2	no	Default Set	Set Type Default	https://decksmith.app/media/pages/hubworldaidalon/cards/prime-collective/echofield-registry/65c68766cd-1746720029/card.webp	https://ik.imagekit.io/smtilson/Games/HubworldAidalon/HubworldAidalonCardBack.jpg?updatedAt=1743241452121			
A12DFAFA-84B5-4965-A8A7-35E2A3000086	Private Exo-Bridge	Source	Location	Collective	(Action) Exhaust this card and archive 1 card from your Council: Gain 3 Shard.	1		4	2	no	Default Set	Set Type Default	https://decksmith.app/media/pages/hubworldaidalon/cards/prime-collective/private-exo-bridge/a884e2fbb3-1750983252/card.webp	https://ik.imagekit.io/smtilson/Games/HubworldAidalon/HubworldAidalonCardBack.jpg?updatedAt=1743241452121			
A12DFAFA-84B5-4965-A8A7-35E2A3000087	Containment Funnel	Source	Contraption	Collective	(Reaction) As a player confronts an adjacent card, exhaust this card: Redirect that player to confront this card.	3		3	2	no	Default Set	Set Type Default	https://decksmith.app/media/pages/hubworldaidalon/cards/prime-collective/containment-funnel/feb7d5de31-1746720029/card.webp	https://ik.imagekit.io/smtilson/Games/HubworldAidalon/HubworldAidalonCardBack.jpg?updatedAt=1743241452121			
A12DFAFA-84B5-4965-A8A7-35E2A3000088	Echopomp Revoker	Source	Persona	Collective	(Instant) During a delve, exhaust this card and exile 2 cards from your Archives: End the delve.	3		6	2	no	Default Set	Set Type Default	https://decksmith.app/media/pages/hubworldaidalon/cards/prime-collective/echopomp-revoker/33d78b5d49-1746720029/card.webp	https://ik.imagekit.io/smtilson/Games/HubworldAidalon/HubworldAidalonCardBack.jpg?updatedAt=1743241452121			
A12DFAFA-84B5-4965-A8A7-35E2A3000089	The Dragon’s Hoard	Source	Location	Remnants	While this card is forged: Each adjacent card gets +1 Presence (forged or unforged).	2		3	2	no	Default Set	Set Type Default	https://decksmith.app/media/pages/hubworldaidalon/cards/prime-collective/the-dragons-hoard/f4415244ea-1768746710/card.webp	https://ik.imagekit.io/smtilson/Games/HubworldAidalon/HubworldAidalonCardBack.jpg?updatedAt=1743241452121			
A12DFAFA-84B5-4965-A8A7-35E2A3000090	Wall Wizard	Source	Persona	Remnants	"Refund 1. (As this card’s Presence is broken, gain 1 Shard.)
(Reaction) After you complete a breach on a district, exhaust this card: Gain 2 Shard."	1		4	2	no	Default Set	Set Type Default	https://decksmith.app/media/pages/hubworldaidalon/cards/prime-collective/wall-wizard/2716588482-1746720029/card.webp	https://ik.imagekit.io/smtilson/Games/HubworldAidalon/HubworldAidalonCardBack.jpg?updatedAt=1743241452121			
A12DFAFA-84B5-4965-A8A7-35E2A3000091	Cortex Data-Flipper	Source	Persona	Remnants	(Reaction) After you complete a breach on a player’s Network, exhaust this card: Steal 1 Shard from their pool.	1		4	2	no	Default Set	Set Type Default	https://decksmith.app/media/pages/hubworldaidalon/cards/prime-collective/cortex-data-flipper/9e66190240-1772825490/card.webp	https://ik.imagekit.io/smtilson/Games/HubworldAidalon/HubworldAidalonCardBack.jpg?updatedAt=1743241452121			
A12DFAFA-84B5-4965-A8A7-35E2A3000092	Honeycomb Hooligans	Source	Persona	Remnants	(Reaction) As a Confront ability begins to resolve, exhaust this card: Cancel that resolution.	2		3	2	no	Default Set	Set Type Default	https://decksmith.app/media/pages/hubworldaidalon/cards/prime-collective/honeycomb-hooligans/8b163a6461-1772825490/card.webp	https://ik.imagekit.io/smtilson/Games/HubworldAidalon/HubworldAidalonCardBack.jpg?updatedAt=1743241452121			
A12DFAFA-84B5-4965-A8A7-35E2A3000093	Daring Aeroboarder	Source	Contraption	Remnants	(Reaction) As you approach a grid slot, if you have 3 or fewer cards in your Council, exhaust this card: Redirect your delve to approach a grid slot adjacent to your current position.	3		3	2	no	Default Set	Set Type Default	https://decksmith.app/media/pages/hubworldaidalon/cards/prime-collective/daring-aeroboarder/6d1c7d8a63-1746720029/card.webp	https://ik.imagekit.io/smtilson/Games/HubworldAidalon/HubworldAidalonCardBack.jpg?updatedAt=1743241452121			
A12DFAFA-84B5-4965-A8A7-35E2A3000094	Marauder’s Market	Source	Location	Remnants	While you have 3 Shard or fewer in your pool: This card gets +Shard collection icon.	1		4	2	no	Default Set	Set Type Default	https://decksmith.app/media/pages/hubworldaidalon/cards/prime-collective/marauders-market/aa351479e4-1772825490/card.webp	https://ik.imagekit.io/smtilson/Games/HubworldAidalon/HubworldAidalonCardBack.jpg?updatedAt=1743241452121			
A12DFAFA-84B5-4965-A8A7-35E2A3000095	The Starlight Special	Source	Contraption	Remnants	(Instant) During your delve, exhaust this card and gain 1 Heat: Redirect your delve to approach a grid slot or district adjacent to your current position.	2		3	2	no	Default Set	Set Type Default	https://decksmith.app/media/pages/hubworldaidalon/cards/prime-collective/the-starlight-special/d6a32e7dd1-1772825490/card.webp	https://ik.imagekit.io/smtilson/Games/HubworldAidalon/HubworldAidalonCardBack.jpg?updatedAt=1743241452121			
A12DFAFA-84B5-4965-A8A7-35E2A3000096	Protecting Our Investment	Moment	Tactic		(Reaction) As a player confronts an obstacle in your grid: That obstacle gets +3 Barrier until the confrontation ends.	0			2	no	Default Set	Set Type Default	https://decksmith.app/media/pages/hubworldaidalon/cards/prime-collective/protecting-our-investment/1b812f09fa-1746720029/card.webp	https://ik.imagekit.io/smtilson/Games/HubworldAidalon/HubworldAidalonCardBack.jpg?updatedAt=1743241452121			
A12DFAFA-84B5-4965-A8A7-35E2A3000097	Bold New Flavor	Moment	Commerce		(Reaction) After you complete a breach on a Network: Gain 3 Shard.	0			2	no	Default Set	Set Type Default	https://decksmith.app/media/pages/hubworldaidalon/cards/prime-collective/bold-new-flavor/4c0b549507-1770745709/card.webp	https://ik.imagekit.io/smtilson/Games/HubworldAidalon/HubworldAidalonCardBack.jpg?updatedAt=1743241452121			
A12DFAFA-84B5-4965-A8A7-35E2A3000098	Cornering the Market	Moment	Commerce		(Reaction) After you complete a breach on a Commons: Gain 3 Shard.	0			2	no	Default Set	Set Type Default	https://decksmith.app/media/pages/hubworldaidalon/cards/prime-collective/cornering-the-market/e21ffa2371-1746720029/card.webp	https://ik.imagekit.io/smtilson/Games/HubworldAidalon/HubworldAidalonCardBack.jpg?updatedAt=1743241452121			
A12DFAFA-84B5-4965-A8A7-35E2A3000099	Closed-Door Meeting	Moment	Influence, Tactic		(Reaction) After you complete a breach on a Network: Archive the top 2 cards of that Network.	0			2	no	Default Set	Set Type Default	https://decksmith.app/media/pages/hubworldaidalon/cards/prime-collective/closed-door-meeting/a9368cdc96-1768746710/card.webp	https://ik.imagekit.io/smtilson/Games/HubworldAidalon/HubworldAidalonCardBack.jpg?updatedAt=1743241452121			
A12DFAFA-84B5-4965-A8A7-35E2A30000100	Franchise Fees	Moment	Commerce, Influence		(Action) Exhaust a card in your front row: Gain 4 Shard.	0			2	no	Default Set	Set Type Default	https://decksmith.app/media/pages/hubworldaidalon/cards/prime-collective/franchise-fees/d95e1a804d-1746720029/card.webp	https://ik.imagekit.io/smtilson/Games/HubworldAidalon/HubworldAidalonCardBack.jpg?updatedAt=1743241452121			
A12DFAFA-84B5-4965-A8A7-35E2A30000101	Rapid Growth	Moment	Influence		(Action): Stage up to 3 cards (you can stage agents, obstacles, and sources).	1			2	no	Default Set	Set Type Default	https://decksmith.app/media/pages/hubworldaidalon/cards/prime-collective/rapid-growth/dd857018b0-1746720029/card.webp	https://ik.imagekit.io/smtilson/Games/HubworldAidalon/HubworldAidalonCardBack.jpg?updatedAt=1743241452121			
A12DFAFA-84B5-4965-A8A7-35E2A30000102	VIP Treatment	Moment	Commerce, Tactic		(Instant) Archive a card from your grid and choose a player: Exhaust a card in their grid.	1			2	no	Default Set	Set Type Default	https://decksmith.app/media/pages/hubworldaidalon/cards/prime-collective/vip-treatment/05e00a0711-1770745709/card.webp	https://ik.imagekit.io/smtilson/Games/HubworldAidalon/HubworldAidalonCardBack.jpg?updatedAt=1743241452121			
A12DFAFA-84B5-4965-A8A7-35E2A30000103	Print on Demand	Moment	Influence		(Action): Search your Commons for a source, show it to another player, and stage it. (Shuffle.)	0			2	no	Default Set	Set Type Default	https://decksmith.app/media/pages/hubworldaidalon/cards/prime-collective/print-on-demand/82f7776ff5-1746720029/card.webp	https://ik.imagekit.io/smtilson/Games/HubworldAidalon/HubworldAidalonCardBack.jpg?updatedAt=1743241452121			
A12DFAFA-84B5-4965-A8A7-35E2A30000104	Forced Liquidation	Moment	Tactic		(Reaction) As you approach a forged card, exhaust a forged card with 4 Barrier or more in your grid: Archive the approached card.	3			2	no	Default Set	Set Type Default	https://decksmith.app/media/pages/hubworldaidalon/cards/prime-collective/forced-liquidation/a639852e8f-1746720029/card.webp	https://ik.imagekit.io/smtilson/Games/HubworldAidalon/HubworldAidalonCardBack.jpg?updatedAt=1743241452121			
A12DFAFA-84B5-4965-A8A7-35E2A30000105	Cooling Off	Moment	Subterfuge	Omniworks	(Action) Choose a player: They lose 1 Heat and draw a card.	2			2	no	Default Set	Set Type Default	https://decksmith.app/media/pages/hubworldaidalon/cards/prime-collective/cooling-off/1250ac865e-1770745709/card.webp	https://ik.imagekit.io/smtilson/Games/HubworldAidalon/HubworldAidalonCardBack.jpg?updatedAt=1743241452121			
A12DFAFA-84B5-4965-A8A7-35E2A30000106	Recalibrate	Moment	Knowledge	Omniworks	(Instant) Unforge a card in your grid: Draw 1 card.	0			2	no	Default Set	Set Type Default	https://decksmith.app/media/pages/hubworldaidalon/cards/prime-collective/recalibrate/290aa843e4-1770745709/card.webp	https://ik.imagekit.io/smtilson/Games/HubworldAidalon/HubworldAidalonCardBack.jpg?updatedAt=1743241452121			
A12DFAFA-84B5-4965-A8A7-35E2A30000107	Prefab Construction	Moment	Knowledge	Omniworks	(Instant): Forge a card in your grid for -3 shard cost.	0			2	no	Default Set	Set Type Default	https://decksmith.app/media/pages/hubworldaidalon/cards/prime-collective/prefab-construction/ab04702676-1770745709/card.webp	https://ik.imagekit.io/smtilson/Games/HubworldAidalon/HubworldAidalonCardBack.jpg?updatedAt=1743241452121			
A12DFAFA-84B5-4965-A8A7-35E2A30000108	Threading Through	Moment	Knowledge, Tactic	Omniworks	(Instant): Shift a card in your grid.	1			2	no	Default Set	Set Type Default	https://decksmith.app/media/pages/hubworldaidalon/cards/prime-collective/threading-through/0f959bcf5f-1746720029/card.webp	https://ik.imagekit.io/smtilson/Games/HubworldAidalon/HubworldAidalonCardBack.jpg?updatedAt=1743241452121			
A12DFAFA-84B5-4965-A8A7-35E2A30000109	Calling in Favors	Moment	Commerce, Influence	Omniworks	(Action Action): Gain 4 Shard and draw a card.	0			2	no	Default Set	Set Type Default	https://decksmith.app/media/pages/hubworldaidalon/cards/prime-collective/calling-in-favors/df95feff30-1770745709/card.webp	https://ik.imagekit.io/smtilson/Games/HubworldAidalon/HubworldAidalonCardBack.jpg?updatedAt=1743241452121			
A12DFAFA-84B5-4965-A8A7-35E2A30000110	Infiltrate	Moment	Subterfuge	Omniworks	(Reaction) As you begin discovering cards in a Council: Discover +2 cards.	1			2	no	Default Set	Set Type Default	https://decksmith.app/media/pages/hubworldaidalon/cards/prime-collective/infiltrate/6539922144-1768746710/card.webp	https://ik.imagekit.io/smtilson/Games/HubworldAidalon/HubworldAidalonCardBack.jpg?updatedAt=1743241452121			
A12DFAFA-84B5-4965-A8A7-35E2A30000111	Rummaging for Parts	Moment	Knowledge	Omniworks	(Instant): Draw 3 cards. Shuffle 3 cards from your Council into your Network.	1			2	no	Default Set	Set Type Default	https://decksmith.app/media/pages/hubworldaidalon/cards/prime-collective/rummaging-for-parts/e13a7d870d-1770745709/card.webp	https://ik.imagekit.io/smtilson/Games/HubworldAidalon/HubworldAidalonCardBack.jpg?updatedAt=1743241452121			
A12DFAFA-84B5-4965-A8A7-35E2A30000112	Calling in a Specialist	Moment	Influence	Collective	(Reaction) After you complete a breach on a district: Search your Network for an agent, show it to an opponent, and add it to your Council. (Shuffle.)	0			2	no	Default Set	Set Type Default	https://decksmith.app/media/pages/hubworldaidalon/cards/prime-collective/calling-in-a-specialist/8674ebaccf-1770745709/card.webp	https://ik.imagekit.io/smtilson/Games/HubworldAidalon/HubworldAidalonCardBack.jpg?updatedAt=1743241452121			
A12DFAFA-84B5-4965-A8A7-35E2A30000113	Likely a Trap	Moment	Subterfuge, Tactic	Collective	(Action) Choose an unforged card in your grid and choose an opponent: They may discover that card. If they do not, gain 3 Shard.	0			2	no	Default Set	Set Type Default	https://decksmith.app/media/pages/hubworldaidalon/cards/prime-collective/likely-a-trap/d99cfc9561-1768746710/card.webp	https://ik.imagekit.io/smtilson/Games/HubworldAidalon/HubworldAidalonCardBack.jpg?updatedAt=1743241452121			
A12DFAFA-84B5-4965-A8A7-35E2A30000114	Eyes in the Sky	Moment	Subterfuge	Collective	(Reaction) As you confront a card in a player’s grid: They may lose 3 Shard. If they do not, bypass that card.	0			2	no	Default Set	Set Type Default	https://decksmith.app/media/pages/hubworldaidalon/cards/prime-collective/eyes-in-the-sky/6f007a8526-1750983252/card.webp	https://ik.imagekit.io/smtilson/Games/HubworldAidalon/HubworldAidalonCardBack.jpg?updatedAt=1743241452121			
A12DFAFA-84B5-4965-A8A7-35E2A30000115	Exo-Export Levies	Moment	Commerce, Knowledge	Collective	(Action) Exile 1 card from your Archives: Gain 4 Shard.	0			2	no	Default Set	Set Type Default	https://decksmith.app/media/pages/hubworldaidalon/cards/prime-collective/exo-export-levies/81882c4ea4-1750983252/card.webp	https://ik.imagekit.io/smtilson/Games/HubworldAidalon/HubworldAidalonCardBack.jpg?updatedAt=1743241452121			
A12DFAFA-84B5-4965-A8A7-35E2A30000116	Paper Trail	Moment	Subterfuge, Tactic	Collective	(Reaction) After you complete a breach on a player’s Archives: Discover 1 card in their Council.	2			2	no	Default Set	Set Type Default	https://decksmith.app/media/pages/hubworldaidalon/cards/prime-collective/paper-trail/7ab86153f0-1746720029/card.webp	https://ik.imagekit.io/smtilson/Games/HubworldAidalon/HubworldAidalonCardBack.jpg?updatedAt=1743241452121			
A12DFAFA-84B5-4965-A8A7-35E2A30000117	Trading Secrets	Moment	Subterfuge	Collective	(Instant) Archive the top 2 cards of your Commons: Gain 2 Shard.	0			2	no	Default Set	Set Type Default	https://decksmith.app/media/pages/hubworldaidalon/cards/prime-collective/trading-secrets/6ecec30781-1746720029/card.webp	https://ik.imagekit.io/smtilson/Games/HubworldAidalon/HubworldAidalonCardBack.jpg?updatedAt=1743241452121			
A12DFAFA-84B5-4965-A8A7-35E2A30000118	Twice as Bad	Moment	Subterfuge	Collective	(Reaction) After you resolve a Discover ability: Resolve that ability again.	1			2	no	Default Set	Set Type Default	https://decksmith.app/media/pages/hubworldaidalon/cards/prime-collective/twice-as-bad/391dec4960-1746720029/card.webp	https://ik.imagekit.io/smtilson/Games/HubworldAidalon/HubworldAidalonCardBack.jpg?updatedAt=1743241452121			
A12DFAFA-84B5-4965-A8A7-35E2A30000119	Propaganda	Moment	Influence, Subterfuge	Collective	(Action) Show another player an agent in your Council or Archives: Gain 4 Shard.	0			2	no	Default Set	Set Type Default	https://decksmith.app/media/pages/hubworldaidalon/cards/prime-collective/propaganda/9b523c95a6-1746720029/card.webp	https://ik.imagekit.io/smtilson/Games/HubworldAidalon/HubworldAidalonCardBack.jpg?updatedAt=1743241452121			
A12DFAFA-84B5-4965-A8A7-35E2A30000120	Cracking Down	Moment	Influence	Collective	(Reaction) As you approach a forged card, archive the top 4 cards of your Commons: Archive the approached card.	2			2	no	Default Set	Set Type Default	https://decksmith.app/media/pages/hubworldaidalon/cards/prime-collective/cracking-down/8c81e838e3-1755296966/card.webp	https://ik.imagekit.io/smtilson/Games/HubworldAidalon/HubworldAidalonCardBack.jpg?updatedAt=1743241452121			
A12DFAFA-84B5-4965-A8A7-35E2A30000121	Tenacity	Moment	Influence	Remnants	(Reaction) As a player engages a card in your grid: That card gets +3 Presence until the engagement ends. (“Engage” includes both confront and discover.)	0			2	no	Default Set	Set Type Default	https://decksmith.app/media/pages/hubworldaidalon/cards/prime-collective/tenacity/c41927a6a8-1746720029/card.webp	https://ik.imagekit.io/smtilson/Games/HubworldAidalon/HubworldAidalonCardBack.jpg?updatedAt=1743241452121			
A12DFAFA-84B5-4965-A8A7-35E2A30000122	Turn Up the Heat	Moment	Tactic	Remnants	(Reaction) After you complete a breach on a player’s district: They gain 1 Heat.	1			2	no	Default Set	Set Type Default	https://decksmith.app/media/pages/hubworldaidalon/cards/prime-collective/turn-up-the-heat/d5f23ef1c9-1746720029/card.webp	https://ik.imagekit.io/smtilson/Games/HubworldAidalon/HubworldAidalonCardBack.jpg?updatedAt=1743241452121			
A12DFAFA-84B5-4965-A8A7-35E2A30000123	Dodge	Moment	Tactic	Remnants	(Reaction) As a Confront or Discover ability begins to resolve: Cancel that resolution.	0			2	no	Default Set	Set Type Default	https://decksmith.app/media/pages/hubworldaidalon/cards/prime-collective/dodge/8bb576e7a4-1746720029/card.webp	https://ik.imagekit.io/smtilson/Games/HubworldAidalon/HubworldAidalonCardBack.jpg?updatedAt=1743241452121			
A12DFAFA-84B5-4965-A8A7-35E2A30000124	Fun Run	Moment	Subterfuge	Remnants	(Reaction) After you complete a breach on a district: Gain Action.	0			2	no	Default Set	Set Type Default	https://decksmith.app/media/pages/hubworldaidalon/cards/prime-collective/fun-run/22bbf80501-1772825490/card.webp	https://ik.imagekit.io/smtilson/Games/HubworldAidalon/HubworldAidalonCardBack.jpg?updatedAt=1743241452121			
A12DFAFA-84B5-4965-A8A7-35E2A30000125	Back-alley Deal	Moment	Commerce, Subterfuge	Remnants	(Action) Gain 1 Heat: Gain 4 Shard and draw 1 card.	0			2	no	Default Set	Set Type Default	https://decksmith.app/media/pages/hubworldaidalon/cards/prime-collective/back-alley-deal/6b27be785f-1750983252/card.webp	https://ik.imagekit.io/smtilson/Games/HubworldAidalon/HubworldAidalonCardBack.jpg?updatedAt=1743241452121			
A12DFAFA-84B5-4965-A8A7-35E2A30000126	Fade into the Crowd	Moment	Subterfuge	Remnants	(Instant): Swap 2 cards in your grid.	1			2	no	Default Set	Set Type Default	https://decksmith.app/media/pages/hubworldaidalon/cards/prime-collective/fade-into-the-crowd/b57598b382-1772825490/card.webp	https://ik.imagekit.io/smtilson/Games/HubworldAidalon/HubworldAidalonCardBack.jpg?updatedAt=1743241452121			
A12DFAFA-84B5-4965-A8A7-35E2A30000127	Finders Keepers	Moment	Commerce, Subterfuge	Remnants	(Action) Gain 1 Heat: Gain 4 Shard and draw a card.	0			2	no	Default Set	Set Type Default	https://decksmith.app/media/pages/hubworldaidalon/cards/prime-collective/finders-keepers/699c95675e-1772825490/card.webp	https://ik.imagekit.io/smtilson/Games/HubworldAidalon/HubworldAidalonCardBack.jpg?updatedAt=1743241452121			
A12DFAFA-84B5-4965-A8A7-35E2A30000128	Bump ’n’ Lift	Moment	Commerce, Subterfuge	Remnants	(Reaction) After a player completes an encounter with a card in your grid, if you have fewer Shard in your pool than they have: Steal 1 Shard from their pool.	0			2	no	Default Set	Set Type Default	https://decksmith.app/media/pages/hubworldaidalon/cards/prime-collective/bump-n-lift/6fe5fdc80b-1755296966/card.webp	https://ik.imagekit.io/smtilson/Games/HubworldAidalon/HubworldAidalonCardBack.jpg?updatedAt=1743241452121			
A12DFAFA-84B5-4965-A8A7-35E2A30000129	Knot Today	Moment	Subterfuge, Tactic	Remnants	(Reaction) As you discover a moment in a Council or Commons: Archive that moment. Draw 1 card.	0			2	no	Default Set	Set Type Default	https://decksmith.app/media/pages/hubworldaidalon/cards/prime-collective/knot-today/1d1aa8f178-1746720029/card.webp	https://ik.imagekit.io/smtilson/Games/HubworldAidalon/HubworldAidalonCardBack.jpg?updatedAt=1743241452121			
A12DFAFA-84B5-4965-A8A7-35E2A30000130	Smash & Grab	Moment	Tactic	Remnants	(Reaction) After you complete a breach on a player’s Council, gain 1 Heat: Steal 2 Shard from their pool.	1			2	no	Default Set	Set Type Default	https://decksmith.app/media/pages/hubworldaidalon/cards/prime-collective/smash-grab/a1b2576bd3-1755296966/card.webp	https://ik.imagekit.io/smtilson/Games/HubworldAidalon/HubworldAidalonCardBack.jpg?updatedAt=1743241452121			
A12DFAFA-84B5-4965-A8A7-35E2A30000131	Smooth Handoff	Moment	Subterfuge, Tactic	Remnants	(Instant) Add a card in your grid to your Council: Stage 1 card (you can stage agents, obstacles, and sources).	1			2	no	Default Set	Set Type Default	https://decksmith.app/media/pages/hubworldaidalon/cards/prime-collective/smooth-handoff/0c529ba870-1745706624/card.webp	https://ik.imagekit.io/smtilson/Games/HubworldAidalon/HubworldAidalonCardBack.jpg?updatedAt=1743241452121			
