id,name,quantity,landscape,set,setType,frontImageUrl,backImageUrl,gameImageUrl
For Northwood,For Northwood,,,,,,,https://cf.geekdo-images.com/3MdUGB8YD_jGTDyfbAnX9Q__itemrep/img/vSHmtf7RgFVQjc6NPl42Oi3XNpg=/fit-in/246x300/filters:strip_icc()/pic6763912.png
A12DFAFA-84B5-4965-A8A7-35E2A3000000,Info,1,Yes,Info,Info,https://ik.imagekit.io/klenz/Cardtable/For%20Northwood/For%20Northwood%20-%20Info%20Front.png,https://ik.imagekit.io/klenz/Cardtable/For%20Northwood/For%20Northwood%20-%20Info%20Back.png,
A12DFAFA-84B5-4965-A8A7-35E2A3000001,Jack of Claws,1,No,For Northwood,Ruler,https://ik.imagekit.io/klenz/Cardtable/For%20Northwood/For%20Northwood%20-%2001%20of%2069%20-%20Jack%20of%20Claws.png,https://ik.imagekit.io/klenz/Cardtable/For%20Northwood/For%20Northwood%20-%2000%20of%2069%20-%20Character%20Dialog%20Backside.png,
A12DFAFA-84B5-4965-A8A7-35E2A3000002,Queen of Claws,1,No,For Northwood,Ruler,https://ik.imagekit.io/klenz/Cardtable/For%20Northwood/For%20Northwood%20-%2002%20of%2069%20-%20Queen%20of%20Claws.png,https://ik.imagekit.io/klenz/Cardtable/For%20Northwood/For%20Northwood%20-%2000%20of%2069%20-%20Character%20Dialog%20Backside.png,
A12DFAFA-84B5-4965-A8A7-35E2A3000003,King of Claws,1,No,For Northwood,Ruler,https://ik.imagekit.io/klenz/Cardtable/For%20Northwood/For%20Northwood%20-%2003%20of%2069%20-%20King%20of%20Claws.png,https://ik.imagekit.io/klenz/Cardtable/For%20Northwood/For%20Northwood%20-%2000%20of%2069%20-%20Character%20Dialog%20Backside.png,
A12DFAFA-84B5-4965-A8A7-35E2A3000004,Prince of Claws,1,No,For Northwood,Ruler,https://ik.imagekit.io/klenz/Cardtable/For%20Northwood/For%20Northwood%20-%2004%20of%2069%20-%20Prince%20of%20Claws.png,https://ik.imagekit.io/klenz/Cardtable/For%20Northwood/For%20Northwood%20-%2000%20of%2069%20-%20Character%20Dialog%20Backside.png,
A12DFAFA-84B5-4965-A8A7-35E2A3000005,Lady of Claws,1,No,For Northwood,Ruler,https://ik.imagekit.io/klenz/Cardtable/For%20Northwood/For%20Northwood%20-%2005%20of%2069%20-%20Lady%20of%20Claws.png,https://ik.imagekit.io/klenz/Cardtable/For%20Northwood/For%20Northwood%20-%2000%20of%2069%20-%20Character%20Dialog%20Backside.png,
A12DFAFA-84B5-4965-A8A7-35E2A3000006,Baron of Flowers,1,No,For Northwood,Ruler,https://ik.imagekit.io/klenz/Cardtable/For%20Northwood/For%20Northwood%20-%2006%20of%2069%20-%20Baron%20of%20Claws.png,https://ik.imagekit.io/klenz/Cardtable/For%20Northwood/For%20Northwood%20-%2000%20of%2069%20-%20Character%20Dialog%20Backside.png,
A12DFAFA-84B5-4965-A8A7-35E2A3000007,Jack of Flowers,1,No,For Northwood,Ruler,https://ik.imagekit.io/klenz/Cardtable/For%20Northwood/For%20Northwood%20-%2007%20of%2069%20-%20Jack%20of%20Flowers.png,https://ik.imagekit.io/klenz/Cardtable/For%20Northwood/For%20Northwood%20-%2000%20of%2069%20-%20Character%20Dialog%20Backside.png,
A12DFAFA-84B5-4965-A8A7-35E2A3000008,Queen of Flowers,1,No,For Northwood,Ruler,https://ik.imagekit.io/klenz/Cardtable/For%20Northwood/For%20Northwood%20-%2008%20of%2069%20-%20Queen%20of%20Flowers.png,https://ik.imagekit.io/klenz/Cardtable/For%20Northwood/For%20Northwood%20-%2000%20of%2069%20-%20Character%20Dialog%20Backside.png,
A12DFAFA-84B5-4965-A8A7-35E2A3000009,King of Flowers,1,No,For Northwood,Ruler,https://ik.imagekit.io/klenz/Cardtable/For%20Northwood/For%20Northwood%20-%2009%20of%2069%20-%20King%20of%20Flowers.png,https://ik.imagekit.io/klenz/Cardtable/For%20Northwood/For%20Northwood%20-%2000%20of%2069%20-%20Character%20Dialog%20Backside.png,
A12DFAFA-84B5-4965-A8A7-35E2A3000010,Prince of Flowers,1,No,For Northwood,Ruler,https://ik.imagekit.io/klenz/Cardtable/For%20Northwood/For%20Northwood%20-%2010%20of%2069%20-%20Prince%20of%20Flowers.png,https://ik.imagekit.io/klenz/Cardtable/For%20Northwood/For%20Northwood%20-%2000%20of%2069%20-%20Character%20Dialog%20Backside.png,
A12DFAFA-84B5-4965-A8A7-35E2A3000011,Lady of Flowers,1,No,For Northwood,Ruler,https://ik.imagekit.io/klenz/Cardtable/For%20Northwood/For%20Northwood%20-%2011%20of%2069%20-%20Lady%20of%20Flowers.png,https://ik.imagekit.io/klenz/Cardtable/For%20Northwood/For%20Northwood%20-%2000%20of%2069%20-%20Character%20Dialog%20Backside.png,
A12DFAFA-84B5-4965-A8A7-35E2A3000012,Baron of Flowers,1,No,For Northwood,Ruler,https://ik.imagekit.io/klenz/Cardtable/For%20Northwood/For%20Northwood%20-%2012%20of%2069%20-%20Baron%20of%20Flowers.png,https://ik.imagekit.io/klenz/Cardtable/For%20Northwood/For%20Northwood%20-%2000%20of%2069%20-%20Character%20Dialog%20Backside.png,
A12DFAFA-84B5-4965-A8A7-35E2A3000013,Jack of Eyes,1,No,For Northwood,Ruler,https://ik.imagekit.io/klenz/Cardtable/For%20Northwood/For%20Northwood%20-%2013%20of%2069%20-%20Jack%20of%20Eyes.png,https://ik.imagekit.io/klenz/Cardtable/For%20Northwood/For%20Northwood%20-%2000%20of%2069%20-%20Character%20Dialog%20Backside.png,
A12DFAFA-84B5-4965-A8A7-35E2A3000014,Queen of Eyes,1,No,For Northwood,Ruler,https://ik.imagekit.io/klenz/Cardtable/For%20Northwood/For%20Northwood%20-%2014%20of%2069%20-%20Queen%20of%20Eyes.png,https://ik.imagekit.io/klenz/Cardtable/For%20Northwood/For%20Northwood%20-%2000%20of%2069%20-%20Character%20Dialog%20Backside.png,
A12DFAFA-84B5-4965-A8A7-35E2A3000015,King of Eyes,1,No,For Northwood,Ruler,https://ik.imagekit.io/klenz/Cardtable/For%20Northwood/For%20Northwood%20-%2015%20of%2069%20-%20King%20of%20Eyes.png,https://ik.imagekit.io/klenz/Cardtable/For%20Northwood/For%20Northwood%20-%2000%20of%2069%20-%20Character%20Dialog%20Backside.png,
A12DFAFA-84B5-4965-A8A7-35E2A3000016,Prince of Eyes,1,No,For Northwood,Ruler,https://ik.imagekit.io/klenz/Cardtable/For%20Northwood/For%20Northwood%20-%2016%20of%2069%20-%20Prince%20of%20Eyes.png,https://ik.imagekit.io/klenz/Cardtable/For%20Northwood/For%20Northwood%20-%2000%20of%2069%20-%20Character%20Dialog%20Backside.png,
A12DFAFA-84B5-4965-A8A7-35E2A3000017,Lady of Eyes,1,No,For Northwood,Ruler,https://ik.imagekit.io/klenz/Cardtable/For%20Northwood/For%20Northwood%20-%2017%20of%2069%20-%20Lady%20of%20Eyes.png,https://ik.imagekit.io/klenz/Cardtable/For%20Northwood/For%20Northwood%20-%2000%20of%2069%20-%20Character%20Dialog%20Backside.png,
A12DFAFA-84B5-4965-A8A7-35E2A3000018,Baron of Eyes,1,No,For Northwood,Ruler,https://ik.imagekit.io/klenz/Cardtable/For%20Northwood/For%20Northwood%20-%2018%20of%2069%20-%20Baron%20of%20Eyes.png,https://ik.imagekit.io/klenz/Cardtable/For%20Northwood/For%20Northwood%20-%2000%20of%2069%20-%20Character%20Dialog%20Backside.png,
A12DFAFA-84B5-4965-A8A7-35E2A3000019,Jack of Leaves,1,No,For Northwood,Ruler,https://ik.imagekit.io/klenz/Cardtable/For%20Northwood/For%20Northwood%20-%2019%20of%2069%20-%20Jack%20of%20Leaves.png,https://ik.imagekit.io/klenz/Cardtable/For%20Northwood/For%20Northwood%20-%2000%20of%2069%20-%20Character%20Dialog%20Backside.png,
A12DFAFA-84B5-4965-A8A7-35E2A3000020,Queen of Leaves,1,No,For Northwood,Ruler,https://ik.imagekit.io/klenz/Cardtable/For%20Northwood/For%20Northwood%20-%2020%20of%2069%20-%20Queen%20of%20Leaves.png,https://ik.imagekit.io/klenz/Cardtable/For%20Northwood/For%20Northwood%20-%2000%20of%2069%20-%20Character%20Dialog%20Backside.png,
A12DFAFA-84B5-4965-A8A7-35E2A3000021,King of Leaves,1,No,For Northwood,Ruler,https://ik.imagekit.io/klenz/Cardtable/For%20Northwood/For%20Northwood%20-%2021%20of%2069%20-%20King%20of%20Leaves.png,https://ik.imagekit.io/klenz/Cardtable/For%20Northwood/For%20Northwood%20-%2000%20of%2069%20-%20Character%20Dialog%20Backside.png,
A12DFAFA-84B5-4965-A8A7-35E2A3000022,Prince of Leaves,1,No,For Northwood,Ruler,https://ik.imagekit.io/klenz/Cardtable/For%20Northwood/For%20Northwood%20-%2022%20of%2069%20-%20Prince%20of%20Leaves.png,https://ik.imagekit.io/klenz/Cardtable/For%20Northwood/For%20Northwood%20-%2000%20of%2069%20-%20Character%20Dialog%20Backside.png,
A12DFAFA-84B5-4965-A8A7-35E2A3000023,Lady of Leaves,1,No,For Northwood,Ruler,https://ik.imagekit.io/klenz/Cardtable/For%20Northwood/For%20Northwood%20-%2023%20of%2069%20-%20Lady%20of%20Leaves.png,https://ik.imagekit.io/klenz/Cardtable/For%20Northwood/For%20Northwood%20-%2000%20of%2069%20-%20Character%20Dialog%20Backside.png,
A12DFAFA-84B5-4965-A8A7-35E2A3000024,Baron of Leaves,1,No,For Northwood,Ruler,https://ik.imagekit.io/klenz/Cardtable/For%20Northwood/For%20Northwood%20-%2024%20of%2069%20-%20Baron%20of%20Leaves.png,https://ik.imagekit.io/klenz/Cardtable/For%20Northwood/For%20Northwood%20-%2000%20of%2069%20-%20Character%20Dialog%20Backside.png,
A12DFAFA-84B5-4965-A8A7-35E2A3000025,Claws 1,1,No,For Northwood,Dialog,https://ik.imagekit.io/klenz/Cardtable/For%20Northwood/For%20Northwood%20-%2025%20of%2069%20-%20Claws%201.png,https://ik.imagekit.io/klenz/Cardtable/For%20Northwood/For%20Northwood%20-%2000%20of%2069%20-%20Character%20Dialog%20Backside.png,
A12DFAFA-84B5-4965-A8A7-35E2A3000026,Claws 2,1,No,For Northwood,Dialog,https://ik.imagekit.io/klenz/Cardtable/For%20Northwood/For%20Northwood%20-%2026%20of%2069%20-%20Claws%202.png,https://ik.imagekit.io/klenz/Cardtable/For%20Northwood/For%20Northwood%20-%2000%20of%2069%20-%20Character%20Dialog%20Backside.png,
A12DFAFA-84B5-4965-A8A7-35E2A3000027,Claws 3,1,No,For Northwood,Dialog,https://ik.imagekit.io/klenz/Cardtable/For%20Northwood/For%20Northwood%20-%2027%20of%2069%20-%20Claws%203.png,https://ik.imagekit.io/klenz/Cardtable/For%20Northwood/For%20Northwood%20-%2000%20of%2069%20-%20Character%20Dialog%20Backside.png,
A12DFAFA-84B5-4965-A8A7-35E2A3000028,Claws 4,1,No,For Northwood,Dialog,https://ik.imagekit.io/klenz/Cardtable/For%20Northwood/For%20Northwood%20-%2028%20of%2069%20-%20Claws%204.png,https://ik.imagekit.io/klenz/Cardtable/For%20Northwood/For%20Northwood%20-%2000%20of%2069%20-%20Character%20Dialog%20Backside.png,
A12DFAFA-84B5-4965-A8A7-35E2A3000029,Claws 5,1,No,For Northwood,Dialog,https://ik.imagekit.io/klenz/Cardtable/For%20Northwood/For%20Northwood%20-%2029%20of%2069%20-%20Claws%205.png,https://ik.imagekit.io/klenz/Cardtable/For%20Northwood/For%20Northwood%20-%2000%20of%2069%20-%20Character%20Dialog%20Backside.png,
A12DFAFA-84B5-4965-A8A7-35E2A3000030,Claws 6,1,No,For Northwood,Dialog,https://ik.imagekit.io/klenz/Cardtable/For%20Northwood/For%20Northwood%20-%2030%20of%2069%20-%20Claws%206.png,https://ik.imagekit.io/klenz/Cardtable/For%20Northwood/For%20Northwood%20-%2000%20of%2069%20-%20Character%20Dialog%20Backside.png,
A12DFAFA-84B5-4965-A8A7-35E2A3000031,Claws 7,1,No,For Northwood,Dialog,https://ik.imagekit.io/klenz/Cardtable/For%20Northwood/For%20Northwood%20-%2031%20of%2069%20-%20Claws%207.png,https://ik.imagekit.io/klenz/Cardtable/For%20Northwood/For%20Northwood%20-%2000%20of%2069%20-%20Character%20Dialog%20Backside.png,
A12DFAFA-84B5-4965-A8A7-35E2A3000032,Claws 8,1,No,For Northwood,Dialog,https://ik.imagekit.io/klenz/Cardtable/For%20Northwood/For%20Northwood%20-%2032%20of%2069%20-%20Claws%208.png,https://ik.imagekit.io/klenz/Cardtable/For%20Northwood/For%20Northwood%20-%2000%20of%2069%20-%20Character%20Dialog%20Backside.png,
A12DFAFA-84B5-4965-A8A7-35E2A3000033,Flowers 1,1,No,For Northwood,Dialog,https://ik.imagekit.io/klenz/Cardtable/For%20Northwood/For%20Northwood%20-%2033%20of%2069%20-%20Flowers%201.png,https://ik.imagekit.io/klenz/Cardtable/For%20Northwood/For%20Northwood%20-%2000%20of%2069%20-%20Character%20Dialog%20Backside.png,
A12DFAFA-84B5-4965-A8A7-35E2A3000034,Flowers 2,1,No,For Northwood,Dialog,https://ik.imagekit.io/klenz/Cardtable/For%20Northwood/For%20Northwood%20-%2034%20of%2069%20-%20Flowers%202.png,https://ik.imagekit.io/klenz/Cardtable/For%20Northwood/For%20Northwood%20-%2000%20of%2069%20-%20Character%20Dialog%20Backside.png,
A12DFAFA-84B5-4965-A8A7-35E2A3000035,Flowers 3,1,No,For Northwood,Dialog,https://ik.imagekit.io/klenz/Cardtable/For%20Northwood/For%20Northwood%20-%2035%20of%2069%20-%20Flowers%203.png,https://ik.imagekit.io/klenz/Cardtable/For%20Northwood/For%20Northwood%20-%2000%20of%2069%20-%20Character%20Dialog%20Backside.png,
A12DFAFA-84B5-4965-A8A7-35E2A3000036,Flowers 4,1,No,For Northwood,Dialog,https://ik.imagekit.io/klenz/Cardtable/For%20Northwood/For%20Northwood%20-%2036%20of%2069%20-%20Flowers%204.png,https://ik.imagekit.io/klenz/Cardtable/For%20Northwood/For%20Northwood%20-%2000%20of%2069%20-%20Character%20Dialog%20Backside.png,
A12DFAFA-84B5-4965-A8A7-35E2A3000037,Flowers 5,1,No,For Northwood,Dialog,https://ik.imagekit.io/klenz/Cardtable/For%20Northwood/For%20Northwood%20-%2037%20of%2069%20-%20Flowers%205.png,https://ik.imagekit.io/klenz/Cardtable/For%20Northwood/For%20Northwood%20-%2000%20of%2069%20-%20Character%20Dialog%20Backside.png,
A12DFAFA-84B5-4965-A8A7-35E2A3000038,Flowers 6,1,No,For Northwood,Dialog,https://ik.imagekit.io/klenz/Cardtable/For%20Northwood/For%20Northwood%20-%2038%20of%2069%20-%20Flowers%206.png,https://ik.imagekit.io/klenz/Cardtable/For%20Northwood/For%20Northwood%20-%2000%20of%2069%20-%20Character%20Dialog%20Backside.png,
A12DFAFA-84B5-4965-A8A7-35E2A3000039,Flowers 7,1,No,For Northwood,Dialog,https://ik.imagekit.io/klenz/Cardtable/For%20Northwood/For%20Northwood%20-%2039%20of%2069%20-%20Flowers%207.png,https://ik.imagekit.io/klenz/Cardtable/For%20Northwood/For%20Northwood%20-%2000%20of%2069%20-%20Character%20Dialog%20Backside.png,
A12DFAFA-84B5-4965-A8A7-35E2A3000040,Flowers 8,1,No,For Northwood,Dialog,https://ik.imagekit.io/klenz/Cardtable/For%20Northwood/For%20Northwood%20-%2040%20of%2069%20-%20Flowers%208.png,https://ik.imagekit.io/klenz/Cardtable/For%20Northwood/For%20Northwood%20-%2000%20of%2069%20-%20Character%20Dialog%20Backside.png,
A12DFAFA-84B5-4965-A8A7-35E2A3000041,Eyes 1,1,No,For Northwood,Dialog,https://ik.imagekit.io/klenz/Cardtable/For%20Northwood/For%20Northwood%20-%2041%20of%2069%20-%20Eyes%201.png,https://ik.imagekit.io/klenz/Cardtable/For%20Northwood/For%20Northwood%20-%2000%20of%2069%20-%20Character%20Dialog%20Backside.png,
A12DFAFA-84B5-4965-A8A7-35E2A3000042,Eyes 2,1,No,For Northwood,Dialog,https://ik.imagekit.io/klenz/Cardtable/For%20Northwood/For%20Northwood%20-%2042%20of%2069%20-%20Eyes%202.png,https://ik.imagekit.io/klenz/Cardtable/For%20Northwood/For%20Northwood%20-%2000%20of%2069%20-%20Character%20Dialog%20Backside.png,
A12DFAFA-84B5-4965-A8A7-35E2A3000043,Eyes 3,1,No,For Northwood,Dialog,https://ik.imagekit.io/klenz/Cardtable/For%20Northwood/For%20Northwood%20-%2043%20of%2069%20-%20Eyes%203.png,https://ik.imagekit.io/klenz/Cardtable/For%20Northwood/For%20Northwood%20-%2000%20of%2069%20-%20Character%20Dialog%20Backside.png,
A12DFAFA-84B5-4965-A8A7-35E2A3000044,Eyes 4,1,No,For Northwood,Dialog,https://ik.imagekit.io/klenz/Cardtable/For%20Northwood/For%20Northwood%20-%2044%20of%2069%20-%20Eyes%204.png,https://ik.imagekit.io/klenz/Cardtable/For%20Northwood/For%20Northwood%20-%2000%20of%2069%20-%20Character%20Dialog%20Backside.png,
A12DFAFA-84B5-4965-A8A7-35E2A3000045,Eyes 5,1,No,For Northwood,Dialog,https://ik.imagekit.io/klenz/Cardtable/For%20Northwood/For%20Northwood%20-%2045%20of%2069%20-%20Eyes%205.png,https://ik.imagekit.io/klenz/Cardtable/For%20Northwood/For%20Northwood%20-%2000%20of%2069%20-%20Character%20Dialog%20Backside.png,
A12DFAFA-84B5-4965-A8A7-35E2A3000046,Eyes 6,1,No,For Northwood,Dialog,https://ik.imagekit.io/klenz/Cardtable/For%20Northwood/For%20Northwood%20-%2046%20of%2069%20-%20Eyes%206.png,https://ik.imagekit.io/klenz/Cardtable/For%20Northwood/For%20Northwood%20-%2000%20of%2069%20-%20Character%20Dialog%20Backside.png,
A12DFAFA-84B5-4965-A8A7-35E2A3000047,Eyes 7,1,No,For Northwood,Dialog,https://ik.imagekit.io/klenz/Cardtable/For%20Northwood/For%20Northwood%20-%2047%20of%2069%20-%20Eyes%207.png,https://ik.imagekit.io/klenz/Cardtable/For%20Northwood/For%20Northwood%20-%2000%20of%2069%20-%20Character%20Dialog%20Backside.png,
A12DFAFA-84B5-4965-A8A7-35E2A3000048,Eyes 8,1,No,For Northwood,Dialog,https://ik.imagekit.io/klenz/Cardtable/For%20Northwood/For%20Northwood%20-%2048%20of%2069%20-%20Eyes%208.png,https://ik.imagekit.io/klenz/Cardtable/For%20Northwood/For%20Northwood%20-%2000%20of%2069%20-%20Character%20Dialog%20Backside.png,
A12DFAFA-84B5-4965-A8A7-35E2A3000049,Leaves 1,1,No,For Northwood,Dialog,https://ik.imagekit.io/klenz/Cardtable/For%20Northwood/For%20Northwood%20-%2049%20of%2069%20-%20Leaves%201.png,https://ik.imagekit.io/klenz/Cardtable/For%20Northwood/For%20Northwood%20-%2000%20of%2069%20-%20Character%20Dialog%20Backside.png,
A12DFAFA-84B5-4965-A8A7-35E2A3000050,Leaves 2,1,No,For Northwood,Dialog,https://ik.imagekit.io/klenz/Cardtable/For%20Northwood/For%20Northwood%20-%2050%20of%2069%20-%20Leaves%202.png,https://ik.imagekit.io/klenz/Cardtable/For%20Northwood/For%20Northwood%20-%2000%20of%2069%20-%20Character%20Dialog%20Backside.png,
A12DFAFA-84B5-4965-A8A7-35E2A3000051,Leaves 3,1,No,For Northwood,Dialog,https://ik.imagekit.io/klenz/Cardtable/For%20Northwood/For%20Northwood%20-%2051%20of%2069%20-%20Leaves%203.png,https://ik.imagekit.io/klenz/Cardtable/For%20Northwood/For%20Northwood%20-%2000%20of%2069%20-%20Character%20Dialog%20Backside.png,
A12DFAFA-84B5-4965-A8A7-35E2A3000052,Leaves 4,1,No,For Northwood,Dialog,https://ik.imagekit.io/klenz/Cardtable/For%20Northwood/For%20Northwood%20-%2052%20of%2069%20-%20Leaves%204.png,https://ik.imagekit.io/klenz/Cardtable/For%20Northwood/For%20Northwood%20-%2000%20of%2069%20-%20Character%20Dialog%20Backside.png,
A12DFAFA-84B5-4965-A8A7-35E2A3000053,Leaves 5,1,No,For Northwood,Dialog,https://ik.imagekit.io/klenz/Cardtable/For%20Northwood/For%20Northwood%20-%2053%20of%2069%20-%20Leaves%205.png,https://ik.imagekit.io/klenz/Cardtable/For%20Northwood/For%20Northwood%20-%2000%20of%2069%20-%20Character%20Dialog%20Backside.png,
A12DFAFA-84B5-4965-A8A7-35E2A3000054,Leaves 6,1,No,For Northwood,Dialog,https://ik.imagekit.io/klenz/Cardtable/For%20Northwood/For%20Northwood%20-%2054%20of%2069%20-%20Leaves%206.png,https://ik.imagekit.io/klenz/Cardtable/For%20Northwood/For%20Northwood%20-%2000%20of%2069%20-%20Character%20Dialog%20Backside.png,
A12DFAFA-84B5-4965-A8A7-35E2A3000055,Leaves 7,1,No,For Northwood,Dialog,https://ik.imagekit.io/klenz/Cardtable/For%20Northwood/For%20Northwood%20-%2055%20of%2069%20-%20Leaves%207.png,https://ik.imagekit.io/klenz/Cardtable/For%20Northwood/For%20Northwood%20-%2000%20of%2069%20-%20Character%20Dialog%20Backside.png,
A12DFAFA-84B5-4965-A8A7-35E2A3000056,Leaves 8,1,No,For Northwood,Dialog,https://ik.imagekit.io/klenz/Cardtable/For%20Northwood/For%20Northwood%20-%2056%20of%2069%20-%20Leaves%208.png,https://ik.imagekit.io/klenz/Cardtable/For%20Northwood/For%20Northwood%20-%2000%20of%2069%20-%20Character%20Dialog%20Backside.png,
A12DFAFA-84B5-4965-A8A7-35E2A3000057,Fief 0,1,No,For Northwood,Fief,https://ik.imagekit.io/klenz/Cardtable/For%20Northwood/For%20Northwood%20-%2057%20of%2069%20-%20Fief%200.png,https://ik.imagekit.io/klenz/Cardtable/For%20Northwood/For%20Northwood%20-%2066%20of%2069%20-%20Fief%20Backside.png,
A12DFAFA-84B5-4965-A8A7-35E2A3000058,Fief 1,1,No,For Northwood,Fief,https://ik.imagekit.io/klenz/Cardtable/For%20Northwood/For%20Northwood%20-%2058%20of%2069%20-%20Fief%201.png,https://ik.imagekit.io/klenz/Cardtable/For%20Northwood/For%20Northwood%20-%2066%20of%2069%20-%20Fief%20Backside.png,
A12DFAFA-84B5-4965-A8A7-35E2A3000059,Fief 2,1,No,For Northwood,Fief,https://ik.imagekit.io/klenz/Cardtable/For%20Northwood/For%20Northwood%20-%2059%20of%2069%20-%20Fief%202.png,https://ik.imagekit.io/klenz/Cardtable/For%20Northwood/For%20Northwood%20-%2066%20of%2069%20-%20Fief%20Backside.png,
A12DFAFA-84B5-4965-A8A7-35E2A3000060,Fief 3,1,No,For Northwood,Fief,https://ik.imagekit.io/klenz/Cardtable/For%20Northwood/For%20Northwood%20-%2060%20of%2069%20-%20Fief%203.png,https://ik.imagekit.io/klenz/Cardtable/For%20Northwood/For%20Northwood%20-%2066%20of%2069%20-%20Fief%20Backside.png,
A12DFAFA-84B5-4965-A8A7-35E2A3000061,Fief 4,1,No,For Northwood,Fief,https://ik.imagekit.io/klenz/Cardtable/For%20Northwood/For%20Northwood%20-%2061%20of%2069%20-%20Fief%204.png,https://ik.imagekit.io/klenz/Cardtable/For%20Northwood/For%20Northwood%20-%2066%20of%2069%20-%20Fief%20Backside.png,
A12DFAFA-84B5-4965-A8A7-35E2A3000062,Fief 5,1,No,For Northwood,Fief,https://ik.imagekit.io/klenz/Cardtable/For%20Northwood/For%20Northwood%20-%2062%20of%2069%20-%20Fief%205.png,https://ik.imagekit.io/klenz/Cardtable/For%20Northwood/For%20Northwood%20-%2066%20of%2069%20-%20Fief%20Backside.png,
A12DFAFA-84B5-4965-A8A7-35E2A3000063,Fief 6,1,No,For Northwood,Fief,https://ik.imagekit.io/klenz/Cardtable/For%20Northwood/For%20Northwood%20-%2063%20of%2069%20-%20Fief%206.png,https://ik.imagekit.io/klenz/Cardtable/For%20Northwood/For%20Northwood%20-%2066%20of%2069%20-%20Fief%20Backside.png,
A12DFAFA-84B5-4965-A8A7-35E2A3000064,Fief 7,1,No,For Northwood,Fief,https://ik.imagekit.io/klenz/Cardtable/For%20Northwood/For%20Northwood%20-%2064%20of%2069%20-%20Fief%207.png,https://ik.imagekit.io/klenz/Cardtable/For%20Northwood/For%20Northwood%20-%2066%20of%2069%20-%20Fief%20Backside.png,
A12DFAFA-84B5-4965-A8A7-35E2A3000065,Visiting,1,No,For Northwood,Fief,https://ik.imagekit.io/klenz/Cardtable/For%20Northwood/For%20Northwood%20-%2065%20of%2069%20-%20Visiting.png,https://ik.imagekit.io/klenz/Cardtable/For%20Northwood/For%20Northwood%20-%2067%20of%2066%20-%20Scoring.png,
A12DFAFA-84B5-4965-A8A7-35E2A3000066,Info,1,No,For Northwood Info,Fief,https://ik.imagekit.io/klenz/Cardtable/For%20Northwood/For%20Northwood%20-%2068%20of%2069%20-%20PNP%20Info.png,https://ik.imagekit.io/klenz/Cardtable/For%20Northwood/For%20Northwood%20-%2068%20of%2069%20-%20PNP%20Info.png,
A12DFAFA-84B5-4965-A8A7-35E2A3000067,About,1,Yes,About,About,https://ik.imagekit.io/klenz/Cardtable/For%20Northwood/For%20Northwood%20-%20About%20Front.png,https://ik.imagekit.io/klenz/Cardtable/For%20Northwood/For%20Northwood%20-%20About%20Back.png,